peopleCd,peopleNm,repRoleNm,filmoNames
20169789,더글라스 맥키넌,감독,셜록: 유령신부|플라잉 스코츠맨
10048340,에릭슨 코어,감독,포인트 브레이크|인빈서블
20175880,하시모토 마사카즈,감독,극장판 짱구는 못말려 : 습격!! 외계인 덩덩이|짱구는 못말려 극장판: 나의 이사 이야기 선인장 대습격|짱구는 못말려 극장판：엄청 맛있어! B급 음식 서바이벌!|레이튼 교수와 영원의 가희
10085861,피터 손,감독,굿 다이노|몬스터 대학교|라따뚜이
20065265,이윤정,감독,"나를 잊지 말아요|고스톱 살인|좋은 놈, 나쁜 놈, 이상한 놈 |달콤, 살벌한 연인|나를 잊지 말아요"
10082236,파올로 소렌티노,감독,"그때 그들|그때 그들 확장판1: 욕망의 부활|그때 그들 확장판2: 끝나지 않은 유혹|젊은 교황|유스|사랑해, 리우|그레이트 뷰티|아버지를 위한 노래|일 디보|패밀리 프렌드|사랑의 결과|엑스트라 맨"
10076801,쿠엔틴 타란티노,감독,원스 어폰 어 타임... 인 할리우드|헤이트풀8|장고:분노의 추적자|바스터즈: 거친 녀석들|데쓰 프루프|그라인드 하우스|씬 시티|킬 빌2|킬빌|배다스 시네마|재키 브라운 |황혼에서 새벽까지|포 룸 |펄프 픽션 |트루 로맨스 |저수지의 개들 
20188088,오인천,감독,디엠지:리로드|블러드 사쿠라|아나운서 살인사건|악의제국: 13일의금요일 챕터2|13일의 금요일 : 음모론의 시작|살인택시괴담: 야경 챕터2|데스트랩|폴리스 스파이|야경 : 죽음의 택시|월하|잡아야 산다|십이야: 깊고 붉은 열두 개의 밤 Chapter1|소녀괴담|모멘트|한중10년의 동행: 한예종 영상원/북경영화학교 합작영화 10주년 작품전
10044433,알레한드로 곤잘레스 이냐리투,감독,레버넌트: 죽음에서 돌아온 자|버드맨|베리만 통과하기|비우티풀|그들 각자의 영화관|바벨|21 그램|2001년 9월 11일|아모레스 페로스
10018169,롭 레터맨,감독,명탐정 피카츄|캡틴 언더팬츠|구스범스|걸리버 여행기|몬스터 vs 에이리언|샤크
10065265,조규장,감독,목격자|그날의 분위기|낙타는 말했다|봉수
10019108,류정우,감독,띠띠뽀 띠띠뽀|꼬마버스 타요 5기 + 타요의 씽씽 극장 2기|띠띠뽀 띠띠뽀 시즌1 / 꼬마버스 타요 시즌5|극장판 꼬마버스 타요의 에이스 구출작전|마당을 나온 암탉|천년여우 여우비|살결|띠띠뽀 띠띠뽀|꼬마버스 타요|세 번째 소원
10041297,아담 맥케이,감독,바이스|빅쇼트|앵커맨: 더 레전드 컨티뉴|스탠바이 캅|스텝 브라더스|텔라데가 나이트 : 리키 바비의 발라드|앵커맨
10010194,대니 보일,감독,예스터데이|스티브 잡스|클래스 오브 92|트랜스 |프랑켄슈타인|127시간|슬럼독 밀리어네어|선샤인|밀리언즈|28일 후|천국에서 홀딱 벗고 청소하기|스트럼펫|비치|이완 맥그리거의 인질|트레인스포팅 |쉘로우 그레이브 
10058219,이호재,감독,"로봇, 소리|작전|네번째 층 - 어느날 갑자기 두번째 이야기"
20168740,이호재,감독,잉여들의 히치하이킹
20112994,여인영,감독,다키스트 마인드|쿵푸팬더3|쿵푸팬더 2
10074461,알레산드로 칼로니,감독,쿵푸팬더3
10047731,에드워드 즈윅,감독,잭 리처: 네버 고 백|세기의 매치|러브 & 드럭스|디파이언스|블러드 다이아몬드|라스트 사무라이|비상계엄|커리지 언더 파이어 |가을의 전설 |어젯밤에 생긴일 
10057103,이일형,감독,리멤버|검사외전|군도: 민란의 시대|마이 웨이|비스티 보이즈
20186877,이영준,감독,극장판 미니특공대: 공룡왕 디노 |미니특공대X|파워배틀 와치카: 와치가면의 역습|부릉! 부릉! 브루미즈: 스피더의 모험 일기|파워배틀 와치카 미니카 배틀리그: 불꽃의 질주|최강전사 미니특공대: 영웅의 탄생|최강전사 미니특공대 : 새로운 악당의 습격|뽀로로 극장판 슈퍼썰매 대모험
10080333,토드 헤인즈,감독,다크 워터스 |원더스트럭|캐롤|40X15 : 칸 감독주간 40년의 기록|아임 낫 데어|파 프롬 헤븐|벨벳 골드마인|세이프|포이즌
10052663,월트 벡커,감독,앨빈과 슈퍼밴드: 악동 어드벤처|올드 독스|거친 녀석들|엽기캠퍼스|화려한 싱글
20216987,손호,감독,나쁜놈은 죽는다 무삭제 특별판|나쁜놈은 죽는다
10066006,조셀린 무어하우스,감독,드레스메이커|아메리칸 퀼트|위험한 선택
10046584,키무라 류이치,감독,극장판 아이엠스타 : 꿈의 오디션!
10065272,조근현,감독,"흥부: 글로 세상을 바꾼 자|번개맨|봄|26년|후궁 : 제왕의 첩|마이 웨이|두 여자|슬픔보다 더 슬픈 이야기|1724 기방난동사건|고고 70|가루지기|라듸오 데이즈|마이 파더|지금 사랑하는 사람과 살고 있습니까?|전설의 고향|허브|음란서생|형사 Duelist|천군|인어 공주|장화, 홍련|버스, 정류장"
20112152,바이론 하워드,감독,주토피아|라푼젤|볼트
20121802,리치 무어,감독,주먹왕 랄프 2: 인터넷 속으로|주토피아|주먹왕 랄프|심슨 가족|퓨쳐라마
20110969,박현진,감독,"아이돌 권한대행 |좋아해줘|출중한 여자|6년째 연애중|오래된 정원|로맨틱 무브먼트, 서울"
10057485,이준익,감독,"자산어보|썬키스 패밀리|변산|박열|대배우|동주|그날의 분위기|사도|소원|봄날의 입맞춤|평양성|구르믈 버서난 달처럼|님은 먼 곳에|궁녀|즐거운 인생|라디오 스타|도마뱀|왕의 남자|달마야, 서울 가자|황산벌|달마야 놀자|공포택시|아나키스트|키드캅"
10081129,톰 후퍼,감독,캣츠|대니쉬 걸|노스맨: 바이킹과 늑대군단|레미제라블|킹스 스피치|롱포드
10016836,가브리엘 리바 팔라시오 알라트리스테,감독,빌리와 용감한 녀석들: 치킨 히어로
10059430,로돌포 리바 팔라시오 알라트리스테,감독,빌리와 용감한 녀석들: 치킨 히어로
10080439,토마스 맥카시,감독,스포트라이트|코블러|비지터|윈 윈|스테이션 에이전트
10066934,조정래,감독,"에움길|소리꾼|귀향, 끝나지 않은 이야기|귀향|파울볼|두레소리"
20306909,이은희,감독,블러드 캔 비 베리 배드|콘트라스트 오브 유
20140739,이은희,감독,순정|내 청춘에게 고함|힘내라 YS
10060837,데이빗 닉슨,감독,레터스 투 갓
10091315,J 블레이크슨,감독,제 5침공|앨리스 크리드의 실종
10056949,이윤기,감독,"어느날|남과 여|사랑한다, 사랑하지 않는다|멋진 하루|아주 특별한 손님|러브토크|여자, 정혜|티파니에서 아침을"
10023100,마이클 베이,감독,트랜스포머: 최후의 기사|13시간|닌자터틀|트랜스포머: 사라진 시대|페인 앤 게인|트랜스포머 3|트랜스포머: 패자의 역습|트랜스포머|아일랜드|나쁜 녀석들 II|진주만|아마겟돈|더 록 |나쁜 녀석들 
10014876,레니 에이브러햄슨,감독,룸|프랭크|개러지|아담과 폴
10044896,알렉스 프로야스,감독,"갓 오브 이집트|노잉|아이, 로봇|크레이지 록스타|다크시티|크로우 "
10026501,모홍진,감독,안시성|널 기다리며|우리 동네
10028197,바박 나자피,감독,런던 해즈 폴른|이지머니 2
10049890,엽위신,감독,엽문4: 더 파이널|파라독스|봉신연의: 영웅의 귀환|엽문3: 최후의 대결|천녀유혼|엽문2|엽문2-특별판|엽문|도화선|도화선 무삭제 확장판|용호문|살파랑|대성소사|비협소백룡|건시열화|주화창|오개혁귀적소년|환영경찰|신투차세대|혹성궤적|줄리엣과 양산백|폭렬형경
10012308,데이빗 O. 러셀,감독,조이|엑시덴탈 러브|아메리칸 허슬|실버라이닝 플레이북|파이터|네일드|아이 러브 허커비|쓰리 킹즈|디제스터
20195495,권혁만,감독,일사각오|그 사람 그 사랑 그 세상
20269333,고문안,감독,일사각오
10075435,케빈 레이놀즈,감독,부활|트리스탄과 이졸데|몬테 크리스토|워터 월드 |라파누이 |의적 로빈후드|여정
10028051,바랫 낼러리,감독,찰스 디킨스의 비밀 서재|스푹스:MI5|미스 페티그루의 어느 특별한 하루|크로우-구원의 손길|킬링 타임|다운 타임
20171560,댄 마저,감독,오 마이 그랜파|저스트 어 이어 
10060910,잭 스나이더,감독,저스티스 리그|배트맨 대 슈퍼맨: 저스티스의 시작|300: 제국의 부활|맨 오브 스틸|써커 펀치|가디언의 전설|왓치맨|300|새벽의 저주
20169826,잭 스나이더,감독,고스트 이미지
20112573,최정열,감독,시동|글로리데이|캐릭터|평행이론|내 사랑 내 곁에|셀푸카메라|염|잔소리|1월 독립영화의 재발견 '벼랑 끝의 사람들'|8th SISFF <단편경쟁 02. 다시 시작하는 연인>|248회 독립영화발표회-최정열 감독 단편 展|9월 독립영화의 재발견 1 - 부제 : “가족의 초상” 단편  展
10066651,조엘 코엔,감독,"서버비콘|헤일, 시저!|인사이드 르윈 |더 브레이브|시리어스 맨|번 애프터 리딩|노인을 위한 나라는 없다|사랑해, 파리|레이디킬러|참을 수 없는 사랑|그남자는 거기 없었다|오 형제여 , 어디에 있는가?|블러드 심플|위대한 레보스키 |파고 |허드서커 대리인 |바톤 핑크"
10047458,에단 코엔,감독,"서버비콘|헤일, 시저!|인사이드 르윈 |더 브레이브|시리어스 맨|번 애프터 리딩|그들 각자의 영화관|노인을 위한 나라는 없다|사랑해, 파리|레이디킬러|파고 |허드서커 대리인 |바톤 핑크"
20122507,석민우,감독,대배우|악마를 보았다|박쥐|싸이보그지만 괜찮아|친절한 금자씨|올드보이|지구를 지켜라|쓰리 몬스터
10075168,커크 존스,감독,나의 그리스식 웨딩 2|에브리바디 파인|내니맥피-우리 유모는 마법사|웨이킹네드 
20233226,제이슨 자다,감독,포레스트: 죽음의 숲
20187994,나가이 타츠유키,감독,마음이 외치고 싶어해|그날 본 꽃의 이름을 우리는 아직 모른다|그 여름에서 기다릴게
10039967,시모사와 신타로,감독,미스컨덕트
10057717,이철하,감독,"오케이! 마담|날, 보러와요|안녕?! 오케스트라|폐가|스토리 오브 와인|사랑 따윈 필요 없어"
10010411,댄 트라첸버그,감독,클로버필드 10번지
10082339,패트리시아 리건,감독,미라클 프롬 헤븐|33|언더 더 쎄임 문
10063407,제이 로치,감독,트럼보|더 캠페인|디너게임|리카운트|미트 페어런츠2|오스틴 파워 : 골드멤버|미트 페어런츠|오스틴 파워: 나를 쫓아온 스파이|미스테리 알라스카|오스틴 파워 : 제로|밤쉘
10013833,라민 바흐러니,감독,라스트 홈|불법 카센터
20331362,박흥식,감독,바람의 기억
20110989,박흥식,감독,"해어화|협녀, 칼의 기억|천국의 아이들|사랑해, 말순씨|인어 공주|나도 아내가 있었으면 좋겠다|내 동생|2015 GSFF 배우 특별전: 김수안 |미안해, 고마워"
20110995,박흥식,감독,두 번째 스물|경의선|역전의 명수|하루
10002002,곽재용,감독,바람의 색|시간이탈자|미스 히스테리|싸이보그 그녀|무림여대생|데이지|내 여자친구를 소개합니다|클래식|피아노 치는 대통령|중독|엽기적인 그녀|마스카라|비 오는 날 수채화2|가을여행|비 오는 날 수채화|기억이 들린다|3인 3색 러브스토리 : 사랑즐감
10035928,세딕 니콜라스 트로얀,감독,헌츠맨: 윈터스 워
20134495,박정오,감독,극장판 프랭키와 친구들: 생명의 나무|지구대표 롤링스타즈
10062256,정지우,감독,"유열의 음악앨범|침묵|남극의 여름|4등|잉투기|은교|이끼|모던보이|나의 사랑, 나의 영화|감독들, 김기영을 말하다|사랑니|해피엔드|배낭을 멘 소년 |생강|그랜드 파더|사로|미행+남극의 여름|인디포럼2014 필름1|다섯 개의 시선|인디포럼2015 특별1"
10068634,존 힐코트,감독,트리플 9|로우리스: 나쁜 영웅들|더 로드|프로포지션
10068387,존 크로울리,감독,더 골드핀치 |브루클린|프라이버시|이즈 애니바디 데어?|보이 A|인터미션
10086317,그레고리 플로킨,감독,헬 페스트|파라노말 액티비티: 더 고스트 디멘션
20209287,남대중,감독,기방도령|위대한 소원
10043421,안소니 루소,감독,21 브릿지: 테러 셧다운 |어벤져스: 엔드게임|어벤져스: 인피니티 워|캡틴 아메리카: 시빌 워|캡틴 아메리카: 윈터 솔져|허니문크래셔|웰컴 투 콜린우드
10065016,조 루소,감독,21 브릿지: 테러 셧다운 |어벤져스: 엔드게임|어벤져스: 인피니티 워|캡틴 아메리카: 시빌 워|캡틴 아메리카: 윈터 솔져|허니문크래셔|웰컴 투 콜린우드
20115376,비탈리 만스키,감독,태양 아래(해설판)|태양 아래|선라이즈 선셋
10033646,빌리 레이,감독,시크릿 인 데어 아이즈|브리치|셰터드 글래스|컬러 오브 나이트
10065952,조성희,감독,승리호(가제)|탐정 홍길동: 사라진 마을|늑대소년-확장판|늑대소년|짐승의 끝|장례식의 멤버|남매의 집|KAFA 단편 2|사사건건|Dir/Actors 5. 구교환&조현철
20233726,쯔씽 쫑,감독,매직브러시
20187185,닐 나이팅게일,감독,다이노 헌터: 티렉스VS파키리노 대격돌|다이노소어 어드벤처 : 백악기 공룡대백과|다이노소어 어드벤처 3D
10030925,베리 쿡,감독,다이노 헌터: 티렉스VS파키리노 대격돌|다이노소어 어드벤처 : 백악기 공룡대백과|다이노소어 어드벤처 3D|아더 크리스마스|뮬란
10045983,앤드류 코헨,감독,다이노 헌터: 티렉스VS파키리노 대격돌|다이노소어 어드벤처 : 백악기 공룡대백과
20234506,손석우,감독,안녕자두야 서유기 : 어쩌다 영웅 |극장판 안녕 자두야|안녕 자두야 스페셜 : 인어공주 
20234026,이동희,감독,다이노X 탐험대
20170740,앤드류 헤이,감독,린 온 피트|45년 후|주말
10060348,프랭키 첸,감독,장난스런 키스|나의 소녀시대
10007437,나홍진,감독,곡성|황해|추격자|汗|완벽한 도미요리
10065271,조근식,감독,엽기적인 그녀 2|그해 여름|품행제로|워너비 
10016782,로베르트 슈벤트케,감독,더 캡틴|다이버전트 시리즈: 얼리전트|인서전트|R.I.P.D. : 알.아이.피.디.|레드|시간 여행자의 아내|플라이트 플랜|타투
10068279,존 카니,감독,싱 스트리트|비긴 어게인|원스|온 디 에지
10066175,퍼갈 레일리,감독,앵그리버드 더 무비
10091679,클레이 케이티스,감독,앵그리버드 더 무비
20236126,일리야 나이슐러,감독,하드코어 헨리
20235866,나카무라 쇼코,감독,동급생
10061773,정보서,감독,몽키킹3: 서유기 여인왕국|몽키킹2: 서유기 여정의 시작|살파랑2: 운명의 시간|몽키킹: 손오공의 탄생|모터웨이: 분노의 질주|엑시던트|군계|구교구|괴물|추격 8월 15|애.작전|고택심황황|열혈청년|공포열선지대두괴영 |수저청춘구생
10031865,브라이언 싱어,감독,보헤미안 랩소디|엑스맨: 아포칼립스|엑스맨: 데이즈 오브 퓨처 패스트|잭 더 자이언트 킬러|작전명 발키리|수퍼맨 리턴즈|엑스맨 2|엑스맨|죽음보다 무서운 비밀|유주얼 서스펙트
10086701,하네스 홀름,감독,오베라는 남자|비하인드 블루 스카이즈|동창회
10022775,마이크 플래너건,감독,닥터 슬립|위자: 저주의 시작|썸니아|오큘러스
10029381,박찬욱,감독,"리틀 드러머 걸: 감독판 |아가씨|아가씨(확장판)|비밀은 없다|무뢰한|고진감래|설국열차|스토커|박쥐|미쓰 홍당무|싸이보그지만 괜찮아|소년, 천국에 가다|친절한 금자씨|한국 영화의 르네상스|쓰리, 몬스터 '컷'|올드보이|철없는 아내와 파란만장한 남편 그리고 태권소녀|복수는 나의 것|휴머니스트|공동경비구역 JSA|아나키스트|3인조|달은...해가 꾸는 꿈|반신반의|격세지감|A Rose Reborn|V|청출어람|파란만장|믿거나 말거나, 찬드라의 경우|심판|<3월 단편 상상극장-파킹 찬스>|쓰리 몬스터|여섯 개의 시선"
20235566,테아 샤록,감독,미 비포 유
10027774,민규동,감독,"허스토리|당신, 거기 있어줄래요|간신|내 아내의 모든 것|세상에서 가장 아름다운 이별|김종욱 찾기|끝과 시작|키친|서양 골동 양과자점 앤티크|열세살 수아|내 생애 가장 아름다운 일주일|이공|여고괴담 두번째 이야기|비밀과 거짓말 |창백한푸른점 |열일곱|허스토리|무서운 이야기 3 : 화성에서 온 소녀|제15회 미쟝센 단편영화제 김태용 단편 특별전 1|무서운 이야기 2|무서운 이야기|무서운 이야기2'444'"
10003598,김곡,감독,"보이스(가제)|솔루션|코메디: 다 웃자고 하는 얘기|자가당착: 시대정신과 현실참여|화이트: 저주의 멜로디|방독피|고갈|뇌절개술|자본당 선언: 만국의 노동자여, 축적하라!|중산층 가정의 대재앙|시간의식|철의 여인|자살변주|임계밀도|Bomb! Bomb! Bomb!|빛과 계급 |무서운 이야기 3 : 화성에서 온 소녀|[인디포럼2016] 기획전01 김곡, 김선 특별전|[인디포럼2016] 기획전04 디지털, 눈을 뜨다 |무서운 이야기|무서운 이야기 3 '기계령'|무서운 이야기 '앰뷸런스'"
20080184,백승빈,감독,나와 봄날의 약속|내 심장을 쏴라|디어 에밀리|장례식의 멤버|프랑스 중위의 여자|무서운 이야기 3 : 화성에서 온 소녀|무서운 이야기 3 '여우골'
10053163,윌리엄 브렌트 벨,감독,더 보이 2: 돌아온 브람스 |더 보이|늑대인간: 더 오리지널|더 데빌 인사이드|스테이 얼라이브
10011208,다라 오코넬,감독,바다 탐험대 옥토넛 시즌4: 더 파이널|바다 탐험대 옥토넛 시즌4: 바다 괴물 대소동|바다 탐험대 옥토넛 시즌4: 늪지탐험선K|바다 탐험대 옥토넛 시즌4: 아슬아슬 구조대작전|바다 탐험대 옥토넛 시즌4: 빙하탐험선S
20121462,엔리케 가토,감독,플래그 더 문|테드: 황금도시 파이티티를 찾아서
10010652,던칸 존스,감독,워크래프트: 전쟁의 서막|소스 코드|더 문
10064265,제임스 완,감독,아쿠아맨|애나벨 : 인형의 주인|컨저링 2|분노의 질주: 더 세븐|인시디어스: 두번째 집|컨저링|인시디어스|데드 사일런스|쏘우
20235906,로버트 뷔드로,감독,본 투 비 블루
20172160,쿠와바라 사토시,감독,극장판 유희왕 더 다크 사이드 오브 디멘션즈|블랙잭
10002517,권종관,감독,특별수사: 사형수의 편지|썬데이 서울|새드무비|S 다이어리|동전 모으는 소년|이발소 異氏|1979년 10월 28일 일요일 맑음
10010305,데이브 그린,감독,닌자터틀 : 어둠의 히어로|에코
10090825,휴 허드슨,감독,꿈꾸는 아프리카|지금까지의 내 인생|타잔-크리스포터 램버트/그레이스 토크|불의 전차
10018115,롤랜드 에머리히,감독,"미드웨이|인디펜던스 데이 : 리써전스|스톤월|화이트 하우스 다운|위대한 비밀|2012|10,000 BC|투모로우|패트리어트-늪속의 여우|롤랜드 에머릭의 디스트럭션|고질라 |인디펜던스 데이 |스타게이트 |유니버설 솔져"
10041797,아리엘 브로멘,감독,크리미널|크리미널-무삭제 특별판|아이스맨|다니카|화이트 카오스
10054739,이경미,감독,비밀은 없다|음모자|미쓰 홍당무|인터뷰|비처럼 음악처럼|아랫집|오디션|페르소나
10006078,김태곤,감독,"범죄의 여왕|굿바이 싱글|족구왕|1999, 면회|독|연리지|두사부일체|1000만|빨리 보는 남자, 빨리 치는 여자|환상극장"
10056854,이우철,감독,사냥|7광구|첼로-홍미주 일가 살인사건|해피 에로 크리스마스|내츄럴시티
20100014,데이빗 예이츠,감독,신비한 동물들과 그린델왈드의 범죄|신비한 동물사전|레전드 오브 타잔|해리포터와 죽음의 성물2|해리 포터와 죽음의 성물1|해리 포터와 혼혈 왕자|해리 포터와 불사조 기사단|카페의 소녀
10045926,앤드류 스탠튼,감독,도리를 찾아서|존 카터: 바숨 전쟁의 서막 |월ㆍE|니모를 찾아서
10028545,박대민,감독,특송|봉이 김선달|그림자 살인|애인|이봐요 무얼 찾고 있나요?
10007160,나카무라 요시히로,감독,닌자의 나라|귀담백경|잔예 - 살아서는 안되는 방|예고범|백설공주 살인사건|촌마게 푸딩|골든 슬럼버|피쉬 스토리|집오리와 들오리의 코인로커|루트 225
10068277,존 추,감독,인 더 하이츠|크레이지 리치 아시안|나우 유 씨 미 2|지.아이.조 2|저스틴 비버 : 네버 세이 네버|스텝 업 3D|스텝업 2 : 더 스트리트
10059297,자움 콜렛 세라,감독,커뮤터|언더 워터|런 올 나이트|논스톱|골2 : 꿈을 향해 뛰어라
10059743,장 마크 발레,감독,데몰리션|와일드|달라스 바이어스 클럽|카페 드 플로르|영 빅토리아|크레이지
20225826,이창열,감독,해피 투게더|트릭
10017533,로아 우타우,감독,툼레이더|더 웨이브|이스케이프 : 생존을 위한 탈출|프릿 빌트
20238426,줄리아 폰 하인츠,감독,나의 산티아고
10049814,연상호,감독,반도|염력|카이: 거울 호수의 전설|서울역|부산행|졸업반|창백한 얼굴들|화산고래|사이비|돼지의 왕|집으로|창|사랑은 단백질|지옥: 두개의 삶|지옥|콕!애니 - [섹션2] VIEW : 세상보기|연상호 감독 특별전 : 지옥의 시네마|7월 수요단편극장 “연상호 감독 특별전”|제14회 미쟝센 단편 영화제 웃는 게 웃는 게 아니야  |SICAF2015 연상호 단편선|애정만세|인디포럼2015 특별2
10022766,마이크 트메이어,감독,아이스 에이지: 지구 대충돌|아이스 에이지 4: 대륙 이동설|아이스 에이지 3: 공룡시대
10009939,타카하시 시게하루,감독,극장판 요괴워치: 염라대왕과 5개의 이야기다냥!|극장판 요괴워치: 탄생의 비밀이다냥!
10057235,이재한,감독,인천상륙작전 : 익스텐디드 에디션(확장판)|인천상륙작전|제3의 사랑|포화속으로|사요나라 이츠카|내 머리 속의 지우개|컷 런스 딥
20070799,고레에다 히로카즈,감독,파비안느에 관한 진실|어느 가족|세 번째 살인|태풍이 지나가고|바닷마을 다이어리|그렇게 아버지가 된다|엔딩노트|진짜로 일어날지도 몰라 기적|공기인형|걸어도 걸어도|하나|아무도 모른다|디스턴스|원더풀 라이프|환상의 빛|그러나... 복지를 버리는 시대로|또 하나의 교육
10083439,폴 그린그래스,감독,제이슨 본|캡틴 필립스|그린 존|본 얼티메이텀|플라이트93|본 슈프리머시|블러디 선데이
20238966,트레버 월,감독,빅
10011476,데이비드 에이어,감독,수어사이드 스쿼드|수어사이드 스쿼드 (블루레이버전)|퓨리|사보타지|엔드 오브 왓치|스트리트 킹|하쉬 타임
20112359,크리스 리노드,감독,마이펫의 이중생활 2|마이펫의 이중생활|슈퍼배드 2|로렉스|슈퍼  배드
10088463,허진호,감독,"천문: 하늘에 묻는다|선물|덕혜옹주|위험한 관계|호우시절|행복|외출|이공|봄날은 간다|킬리만자로|8월의 크리스마스|아름다운 청년 전태일|두개의 빛: 릴루미노|제 6회 제천국제음악영화제 트레일러|나, 여기있어요|나의 새 남자친구|따로 또 같이|고철을 위하여|사랑이 죄인가|MSFF2017 허진호 단편 특별전|오감도"
20113482,시즈노 코분,감독,"안녕, 티라노: 영원히, 함께|명탐정 코난:진홍의 연가|명탐정 코난: 순흑의 악몽|명탐정 코난 : 화염의 해바라기|명탐정 코난 : 이차원의 저격수|명탐정 코난: 11번째 스트라이커|명탐정 코난 : 침묵의 15분|진구세주전설 북두의 권 토키전"
10005717,김종현,감독,국가대표 2|미스터 고|마이 뉴 파트너|슈퍼스타 감사용|로드무비|깡패수업 3|퇴마록
20128773,김성훈,감독,창궐|공조|마이 리틀 히어로
20333396,이원재,감독,근무 중 이상무
20239406,이원재,감독,슈퍼 프렌즈
20334112,이경호,감독,용이 될래요|아기장수
20304971,이경호,감독,해미를 찾아서|신기록
20111323,이경호,감독,슈퍼 프렌즈|코알라 키드 : 영웅의 탄생|파이스토리
10039450,스티븐 스필버그,감독,"웨스트 사이드 스토리|쥬라기 월드: 폴른 킹덤|레디 플레이어 원|더 포스트|마이 리틀 자이언트|스파이 브릿지|링컨|워 호스|틴틴 : 유니콘호의 비밀|인디아나 존스 4 : 크리스탈 해골의 왕국|뮌헨|우주전쟁|터미널|캐치 미 이프 유 캔|마이너리티 리포트|E.T. : 탄생 20주년 기념작|A.I.|라이언 일병 구하기|아미스타드|쥬라기 공원 2 - 잃어버린 세계 |쉰들러 리스트|쥬라기 공원|후크|빽투더퓨처 3|8번가의 기적|인디아나 존스 : 최후의 성전|누가 로저래빗을 모함했나|공룡시대|태양의 제국|피라미드의 공포|컬러퍼플|인디아나 존스 - 마궁의 사원, 저주받은 사원 |환상특급|악령의 상자|이티|레이더스|1941|미지와의 조우|죠스|슈가랜드 특급"
20129369,히시다 마사카즈,감독,킹 오브 프리즘 올 스타즈 -프리즘 쇼☆베스트10-|킹 오브 프리즘 –샤이니 세븐 스타즈- IV 루이x신x언노운|킹 오브 프리즘 -샤이니 세븐 스타즈- Ⅲ 레오×유우×알렉|킹 오브 프리즘 –샤이니 세븐 스타즈- II 카케루x조지x미나토|킹 오브 프리즘 -샤이니 세븐 스타즈-|킹 오브 프리즘 - 프라이드 더 히어로|극장판 프리파라 모두 모여라! 프리즘☆투어즈|킹 오브 프리즘|뉴타입 히어로 얏타맨
10049814,연상호,감독,반도|염력|카이: 거울 호수의 전설|서울역|부산행|졸업반|창백한 얼굴들|화산고래|사이비|돼지의 왕|집으로|창|사랑은 단백질|지옥: 두개의 삶|지옥|콕!애니 - [섹션2] VIEW : 세상보기|연상호 감독 특별전 : 지옥의 시네마|7월 수요단편극장 “연상호 감독 특별전”|제14회 미쟝센 단편 영화제 웃는 게 웃는 게 아니야  |SICAF2015 연상호 단편선|애정만세|인디포럼2015 특별2
10075456,케빈 먼로,감독,갤럭시 히어로즈: 라쳇 앤 클랭크|딜런 독: 죽음의 밤|닌자거북이 TMNT
10061132,저스틴 린,감독,분노의 질주 : 더 얼티메이트|스타트렉 비욘드|분노의 질주: 더 맥시멈|분노의 질주: 언리미티드|분노의 질주: 더 오리지널|피니싱 더 게임|패스트 앤 퓨리어스 도쿄 드리프트|아나폴리스|베터 럭 투마로우
20186877,이영준,감독,극장판 미니특공대: 공룡왕 디노 |미니특공대X|파워배틀 와치카: 와치가면의 역습|부릉! 부릉! 브루미즈: 스피더의 모험 일기|파워배틀 와치카 미니카 배틀리그: 불꽃의 질주|최강전사 미니특공대: 영웅의 탄생|최강전사 미니특공대 : 새로운 악당의 습격|뽀로로 극장판 슈퍼썰매 대모험
20235586,데이비드 F. 샌드버그,감독,샤잠!|애나벨 : 인형의 주인|라이트 아웃
10039589,스티븐 프리어스,감독,빅토리아 & 압둘|플로렌스|챔피언 프로그램|필로미나의 기적|레이디 겜블러|더 퀸|미세스 헨더슨 프리젠츠|더티 프리티 씽|페일 세이프|사랑도 리콜이 되나요?|리엄|하이 로 컨츄리|메리 라일리 |그리프터스|리틀 빅 히어로|위험한 관계 |나의 아름다운 세탁소
10083870,폴 페이그,감독,라스트 크리스마스|부탁 하나만 들어줘|고스트버스터즈|스파이|더 히트|내 여자친구의 결혼식|성탄절 전야의 공항 대소동|아이 엠 데이빗
20211226,채두병,감독,올레
10010703,데니스 간젤,감독,"베를린, 아이 러브 유|메카닉: 리크루트|위 아더 나이트|더 웨이브|나폴라|히틀러유겐트|걸스 온 탑"
20170123,드레이크 도리머스,감독,조|뉴니스|이퀄스|우리가 사랑한 시간|라이크 크레이지
20166822,제임스 보빈,감독,도라와 잃어버린 황금의 도시|거울나라의 앨리스|머펫 모스트 원티드|머펫 대소동
10000783,강우석,감독,"고산자, 대동여지도|더 파이브|깡철이|전설의 주먹|로맨틱 헤븐|글러브|퀴즈왕|이끼|주유소 습격사건 2|용서는 없다|백야행|모던보이|신기전|강철중: 공공의 적 1-1|뜨거운 것이 좋아|싸움|궁녀|권순분여사 납치사건|지금 사랑하는 사람과 살고 있습니까?|황진이|아들|거룩한 계보|한반도|오로라 공주|공공의 적 2|혈의 누|귀신이 산다|달마야, 서울 가자|아라한 장풍대작전|바람의 전설|그녀를 믿지 마세요|실미도|천년호|거울속으로|나비|선생 김봉두|광복절 특사|밀애|재밌는 영화|공공의 적|피도 눈물도 없이|신라의 달밤|선물|불후의 명작|순애보|실락원|생과부 위자료 청구소송|올가미|투캅스 2|맥주가 애인보다 좋은 7가지 이유|손톱|마누라 죽이기|투캅스|미스터 맘마|스무살까지만 살고 싶어요|열아홉의 절망끝에 부르는 하나의 사랑노래|누가 용의 발톱을 보았는가|나는 날마다 일어선다|행복은 성적순이 아니잖아요|달콤한 신부들|춤추는 딸|주리"
10005852,김지운,감독,"인랑|밀정|라스트 스탠드|악마를 보았다|악마를 보았다 감독판|좋은 놈, 나쁜 놈, 이상한 놈 |좋은 놈, 나쁜 놈, 이상한 놈(칸버전)|감독들, 김기영을 말하다|달콤한 인생|장화, 홍련|쓰리|쓰리 메모리즈|반칙왕|커밍 아웃|조용한 가족|더 엑스|사랑의 가위바위보|선물|사랑의 힘|제13회 미쟝센 단편영화제 김지운 단편 특별전1|제13회 미쟝센 단편영화제 김지운 단편 특별전2|제13회 미쟝센 단편영화제 김지운 감독 마스터클래스|인류멸망 보고서|인류 멸망 보고서 '천상의 피조물' "
10031148,벤 스타센,감독,프린스 코기|빅풋 주니어|로빈슨 크루소|썬더와 마법저택|새미의 어드벤쳐 2|새미의 어드벤쳐|플라이 미 투 더 문
20239386,빈센트 케스텔루트,감독,로빈슨 크루소
10090579,후안 호세 캄파넬라,감독,장난감이 살아있다|엘 시크레토 : 비밀의 눈동자|신부의 아들|사랑의 트라이앵글
20240026,김현주,감독,달빛궁궐|하얀물개
10057235,이재한,감독,인천상륙작전 : 익스텐디드 에디션(확장판)|인천상륙작전|제3의 사랑|포화속으로|사요나라 이츠카|내 머리 속의 지우개|컷 런스 딥
10045578,애쉬 브래넌,감독,드림 쏭|서핑 업|토이 스토리 2
10043970,안톤 후쿠아,감독,더 이퀄라이저 2|매그니피센트 7|사우스포|더 이퀄라이저|백악관 최후의 날|브룩클린스 파이니스트|더블타겟|킹 아더|라이트닝 인 어 보틀|태양의 눈물|트레이닝 데이|베이트|리플레이스먼트 킬러
10081588,티무르 베크맘베토브,감독,벤허|링컨: 뱀파이어 헌터|원티드|데이 워치  |나이트 워치|우먼 글래디에이터 2
10052035,우디 앨런,감독,원더 휠|카페 소사이어티|이레셔널 맨|매직 인 더 문라이트|지골로 인 뉴욕|블루 재스민|베리만 통과하기|로마 위드 러브|우디 앨런 : 우리가 몰랐던 이야기 |미드나잇 인 파리|환상의 그대|왓에버 웍스|내 남자의 아내도 좋아|카산드라 드림|스쿠프|매치 포인트|아웃사이더|멜린다와 멜린다|우디 앨런의 애니씽 엘스|헐리우드 엔딩|제이드 스콜피온의 저주|스탠리 큐브릭: 영화 속의 인생|스몰 타임 크룩스|픽킹 업 더 피시스|스윗 앤 로다운|개미|셀러브리티|해리 파괴하기|에브리원 세즈 아이러브유 |마이티아프로디테 |브로드웨이를 쏴라 |맨하탄 미스테리|그림자와 안개|라디오 데이즈|브로드웨이의 대니 로즈|맨하탄|슬리퍼|돈을 갖고 튀어라|앨리스
20242806,와타다 신야,감독,아이엠스타 뮤직어워드
10034595,사토 신스케,감독,킹덤|히어로 일본 대침공|이누야시키 : 히어로 VS 빌런|데스노트: 더 뉴 월드|아이 엠 어 히어로|도서관 전쟁|간츠: 퍼펙트 앤서|간츠|잃어버린 마법의 섬 홋타라케|모래시계|우리개 이야기|프린세스 블레이드|러브 송
20114151,신동엽,감독,What Happened to Sam?
10035081,샤론 맥과이어,감독,브리짓 존스의 베이비|인센디어리|브리짓 존스의 일기
10078519,클린트 이스트우드,감독,리차드 쥬얼|라스트 미션|설리: 허드슨강의 기적|아메리칸 스나이퍼|저지 보이즈|내 인생의 마지막 변화구 |J.에드가 - FBI의 시작|히어애프터|우리가 꿈꾸는 기적: 인빅터스|그랜 토리노|체인질링|아버지의 깃발|이오지마에서 온 편지|밀리언 달러 베이비|더 블루스: 피아노 블루스|미스틱 리버|블러드 워크|스페이스 카우보이|클린트 이스트우드: 아웃 오브 섀도우|트루 크라임|앱솔루트 파워 |매디슨 카운티의 다리|완전한 세상 |사선에서|용서받지 못한 자|후계자|더티해리 4-써든 임팩트/서든 임팩트|화이어폭스|더티 파이터 2|원 웨이 티켓|더티 해리3-집행자|아우트 로|아이거 빙벽|대도적|황야의 스트렌저|이것이 법이다|브리지|어둠속에 벨이 울릴 때|더티 해리|사기당한 사람들|켈리의 영웅들|집행자|황야의 무법자|더티 화이터
10081788,팀 버튼,감독,덤보|미스 페레그린과 이상한 아이들의 집|거울나라의 앨리스|빅 아이즈|링컨: 뱀파이어 헌터|다크 섀도우|프랑켄위니|이상한 나라의 앨리스|스위니 토드 : 어느 잔혹한 이발사 이야기|유령신부(애니)|찰리와 초콜릿 공장|빅 피쉬|혹성탈출|슬리피 할로우|팀버튼의 화성침공 |팀 버튼의 크리스마스 악몽|배트맨2|가위손|프랑켄위니|빈센트 
10004596,김성수,감독,아수라|감기|중천|영어완전정복|무사|태양은 없다|비트|런어웨이|결혼만들기|나와 통하는 다음검색 : 빽|비명도시
20244429,데이빗 로워리,감독,미스터 스마일|고스트 스토리|피터와 드래곤
10011208,다라 오코넬,감독,바다 탐험대 옥토넛 시즌4: 더 파이널|바다 탐험대 옥토넛 시즌4: 바다 괴물 대소동|바다 탐험대 옥토넛 시즌4: 늪지탐험선K|바다 탐험대 옥토넛 시즌4: 아슬아슬 구조대작전|바다 탐험대 옥토넛 시즌4: 빙하탐험선S
10056764,이와이 슌지,감독,"립반윙클의 신부: 스페셜 에디션|립반윙클의 신부|하나와 앨리스: 살인사건|새 구두를 사야해|뱀파이어|3.11: 이와이 슌지와 친구들|뉴욕 아이 러브 유|이치카와 콘 이야기|릴리 슈슈의 모든 것|하나와 앨리스|잼 필름스|식일|4월 이야기|스왈로우테일 버터플라이|피크닉|러브레터|언두|쏘아올린 불꽃, 밑에서 볼까? 옆에서 볼까?|<4월 단편 상상극장-첫사랑 연습법>"
20244029,벤 차오,감독,백설공주 : 사라진 아빠를 찾아서
10089612,홍수동,감독,"시호|돈 맛|매너선생님|챌린지 게임|알바생들|P.S. 걸|음란한 가족|공사중|나는 야한 여자가 좋다|설해|내비게이션|청춘학당 : 풍기문란 보쌈 야사|들개들|아티스트 봉만대|렛 미 아웃|가자, 장미여관으로|꼭두각시|롤플레이|스타: 빛나는 사랑|러브 콜|무산일기|워낭소리|우리 학교|안녕, 사요나라|송환|달, 실"
20235546,백수호,감독,돈 맛|엔조이닷컴
20178840,페드 알바레즈,감독,거미줄에 걸린 소녀|맨 인 더 다크|이블 데드
10044285,조나스 쿠아론,감독,디시에르토
10057210,이재용,감독,죽여주는 여자|두근두근 내 인생|뒷담화: 감독이 미쳤어요|여배우들|다세포소녀|스캔들-조선남녀상열지사|순애보|정사|한 도시 이야기|아노와 호이가|나와 통하는 다음검색 : 사랑의 기쁨|어머니의 여름|호모 비디오쿠스
10003696,김기덕,감독,"인간, 공간, 시간 그리고 인간|포크레인|그물|스톱|메이드 인 차이나|일대일|붉은 가족|배우는 배우다|뫼비우스|신의 선물|피에타|풍산개|아멘|아리랑|비몽|영화는 영화다|아름답다|숨|시간|활|한국 영화의 르네상스|빈집|사마리아|봄 여름 가을 겨울 그리고 봄|해안선|나쁜 남자|수취인불명|실제상황|섬|파란대문|야생동물보호구역|악어|베니스 70 : 미래 재장전"
20032207,김기덕,감독,영광의 9회말|가수왕|꽃상여|유관순|하숙 인생|시거든 떫지나 말지|씻김불|청춘 교사|별이 빛나는 밤에|결혼 반지|헤어져도 사랑만은|동과 서|열 아홉 순정|카추사|아네모네 마담|대괴수 용가리|친정어머니|남과 북|맨발의 청춘|떠날 때는 말없이|가정교사|5인의 해병
10054784,이계벽,감독,"힘을 내요, 미스터 리|새콤달콤(가제)|럭키|남쪽으로 튀어|커플즈|야수와 미녀|올드보이|보스 상륙 작전(Boss X File)|복수는 나의 것|아무도 모른다|9시 5분"
20235206,최승호,감독,공범자들|7년-그들이 없는 언론|자백
10064256,제임스 왓킨스,감독,바스티유 데이|우먼 인 블랙|이든 레이크
10001020,개빈 오코너,감독,어카운턴트|제인 갓 어 건|워리어|프라이드 앤 글로리|미라클|텀블위즈
20129369,히시다 마사카즈,감독,킹 오브 프리즘 올 스타즈 -프리즘 쇼☆베스트10-|킹 오브 프리즘 –샤이니 세븐 스타즈- IV 루이x신x언노운|킹 오브 프리즘 -샤이니 세븐 스타즈- Ⅲ 레오×유우×알렉|킹 오브 프리즘 –샤이니 세븐 스타즈- II 카케루x조지x미나토|킹 오브 프리즘 -샤이니 세븐 스타즈-|킹 오브 프리즘 - 프라이드 더 히어로|극장판 프리파라 모두 모여라! 프리즘☆투어즈|킹 오브 프리즘|뉴타입 히어로 얏타맨
10040734,롭 실베스트리,감독,토마스와 친구들: 용감한 기관차와 괴물소동|토마스와 친구들: 잃어버린 왕관
10018065,론 하워드,감독,파바로티|한 솔로: 스타워즈 스토리|비틀스: 에잇 데이즈 어 위크 – 투어링 이어즈|인페르노|하트 오브 더 씨|러시 : 더 라이벌|딜레마|천사와 악마|프로스트 VS 닉슨|다빈치 코드|신데렐라맨|텔 뎀 후 유 알|실종|뷰티풀 마인드|그린치|생방송 에드TV |랜섬 |아폴로 13 |파 앤드 어웨이|분노의 역류|윌로우|겅호|코쿤|스프래쉬
10030916,배리 소넨필드,감독,레모니 스니켓의 위험한 대결|미스터 캣|맨 인 블랙 3|런어웨이 버케이션|빅트러블|맨 인 블랙 2|와일드 와일드 웨스트|맨인블랙 |겟 쇼티 |사랑게임|아담스 패밀리 2|아담스 훼밀리|미저리
10030331,백승화,감독,"오목소녀|걷기왕|오늘영화|반드시 크게 들을 것 2 : Wild Days|춤추는 동물원|반드시 크게 들을 것|청소왕 순아의 놀라운 하루|백역사|화목한 수레|지각생들|잘 자, 좋은 꿈꿔!|10월 수요단편극장 <걷기왕> 개봉 기념 특별전|한국 환경영화의 흐름 단편 3"
20176100,신보 아키유키,감독,"쏘아올린 불꽃, 밑에서 볼까? 옆에서 볼까?|키즈모노가타리 III : 냉혈편|키즈모노가타리 II : 열혈편|키즈모노가타리 I : 철혈편|극장판 마법소녀 마도카 마기카(신편): 반역의 이야기|극장판 마법소녀 마도카 마기카(후편): 영원의 이야기|극장판 마법소녀 마도카 마기카(전편): 시작의 이야기"
20153728,전인환,감독,"시민 노무현|무현, 두 도시 이야기 : 파이널 컷|무현, 두 도시 이야기|품행제로|홈 비디오(Home Video)"
10038217,스콧 데릭슨,감독,닥터 스트레인지|인보카머스|살인소설|지구가 멈추는 날|엑소시즘 오브 에밀리 로즈|헬레이저 5
20246149,이두환,감독,혼숨
20245489,트래비스 나이트,감독,범블비|쿠보와 전설의 악기
10039018,니티왓 다라톤,감독,선생님의 일기
10007225,나카자와 쇼지로,감독,극장판 가면라이더 이그제이드: 트루 엔딩|극장판 파워레인저: 닌자포스 VS 트레인포스 닌자 인 원더랜드|가면라이더 위자드 인 매직랜드|극장판 THE 도라에몽즈 - 이상한 과자 왕국
10011784,데이빗 맥킨지,감독,로스트 인 더스트|스타드 업|락 앤 러브|퍼펙트 센스|S러버|할람 포|어사일럼|영 아담|최후의 황무지
20247051,아담 추,감독,인어공주 : 새로운 모험의 시작
20245929,맷 브라운,감독,무한대를 본 남자
10072117,최국희,감독,"인생은 아름다워(가제)|국가부도의 날|스플릿|8월의 일요일들|극장전|그날 밤의 축제|삶은 전진하고|청춘, 외대앞|블루 디코딩"
10022775,마이크 플래너건,감독,닥터 슬립|위자: 저주의 시작|썸니아|오큘러스
20246709,나가이 아키라,감독,사랑은 비가 갠 뒤처럼|세상에서 고양이가 사라진다면
10034278,카와무라 토모히로,감독,감바의 대모험
10003335,코모리 요시히로,감독,감바의 대모험
10089497,홍상수,감독,"도망친 여자|강변호텔|풀잎들|그 후|클레어의 카메라|밤의 해변에서 혼자|당신자신과 당신의 것|지금은맞고그때는틀리다|자유의 언덕|우리 선희|누구의 딸도 아닌 해원|토니 레인즈의 한국영화 25년|다른나라에서|북촌방향|옥희의 영화|하하하|잘 알지도 못하면서|밤과 낮|나의 사랑, 나의 영화|해변의 여인|극장전|한국 영화의 르네상스|여자는 남자의 미래다|생활의 발견|오! 수정|강원도의 힘|돼지가 우물에 빠진 날|리스트|첩첩산중|10월 단편 상상극장-홍상수 단편선|베니스 70 : 미래 재장전|어떤 방문 : 디지털 삼인삼색2009"
20231726,S.S. 라자몰리,감독,바후발리 : 더 비기닝|나는 파리다
20100014,데이빗 예이츠,감독,신비한 동물들과 그린델왈드의 범죄|신비한 동물사전|레전드 오브 타잔|해리포터와 죽음의 성물2|해리 포터와 죽음의 성물1|해리 포터와 혼혈 왕자|해리 포터와 불사조 기사단|카페의 소녀
10047368,엄태화,감독,이장|가려진 시간|마녀|만신|잉투기|기담|친절한 금자씨|숲|하트바이브레이터|유숙자|신봉리 우리집; 흔한 이야기|선인장 |12월 수요단편극장 “그들 각자의 ‘단편’ 영화관” |12월 단편 상상극장-응답하라 1988|KAFA 단편 3|11월 단편 상상극장-엄태화|촌철살인
20247049,미츠나카 스스무,감독,하이큐!! 콘셉트의 싸움|하이큐!! 재능과 센스|하이큐!! 승자와 패자|하이큐!! 끝과 시작|하이큐!! 땅 VS 하늘
20248310,오자운,감독,카페 6
20309175,김동민,감독,보물 제1896호 운수사|욕지도 특별수업|지성이면 감천이다
20246329,이주훈,감독,순종
10068472,송유평,감독,드래곤 네스트: 평화 기사단 VS 블랙 드래곤
20330435,이현주,감독,인사이드
20216926,이현주,감독,소녀 질주|클라스|SESIFF 2015 경쟁8 - 먹고 사는 백만 가지 방법
20187945,이현주,감독,연애담|바캉스|Distance|인디스데이 11월 단편|11월 단편 상상극장-연애단(短)|2016 대단한단편영화제-배우 특별전: 이상희|국내단편 1|인디포럼2015 발효 가족|KAFA 단편 4|섹션 1 - 2차실습작|단편 KAFA1.
10002413,권수경,감독,스텔라|형|발칙한 로맨스(가제)|맨발의 기봉이|비천무
20173209,아담 윈가드,감독,블레어 위치|더 게스트|V/H/S/2: 악마를 부르는 비디오|V/H/S:죽음을 부르는 비디오|유아 넥스트
20165922,브렛 설리반,감독,미스 사이공 : 25주년 특별 공연|오페라의 유령 2 : 러브 네버 다이|더 체어|진저 스냅 2
20250797,피터 클라릿지,감독,리틀메딕: 몸속탐험대
10024554,마테오 가로네,감독,테일 오브 테일즈|리얼리티: 꿈의 미로|고모라|첫사랑|박제사|로마의 여름|손님들|이민자들의 땅
10047731,에드워드 즈윅,감독,잭 리처: 네버 고 백|세기의 매치|러브 & 드럭스|디파이언스|블러드 다이아몬드|라스트 사무라이|비상계엄|커리지 언더 파이어 |가을의 전설 |어젯밤에 생긴일 
20244789,이성태,감독,양자물리학|두 남자
10056602,이언희,감독,탐정: 리턴즈|미씽: 사라진 여자|타이밍|어깨 너머의 연인|해피 에로 크리스마스|...ing|고양이를 부탁해
10051586,왕정,감독,추룡|항마전: 황금룡의 부활|추룡-무삭제판|도성풍운 3|도성풍운 2|주윤발의 도성풍운|미래경찰 X|대내밀탐령령구 |야만비급|제방노천|쿵푸 허슬 마작왕|흑백전장|신찰사형|작성 2: 자모천후|성감도시|미지의 여인에게서 온 편지|정장추녀자 2004|용호삼림|절종철금강|발렌타인 데이|아적야만동학|사랑은 방울방울|도협대전|천왕지왕 2000|강간 4 - 최후고양|흑마왕자|분소해|정이건의 영웅|유덕화의 테러리스트|도신불패 |천년금애|도성 3|묘가 천장지구 |이연걸의 탈출|후궁 : 천년금애 무삭제 감독판|도신 2 |구품지마관 |신영웅본색 |적나고양 2|황비홍-철계투오공 |스트리트 파이팅|정전자 2 |의천도룡기 |천검절도|추남자|초류향|녹정기 2 - 신룡교 |카멜레온 |요괴도시|시티 헌터|도성대형|봉도필승|여룡공무 |뇌락정구|도협2|정고전가|흑심귀|주윤발의 미녀사냥|경천12시|무림지존|도전자|천년귀인|의혈쌍웅|지존계상|도협|무림무적 |정전자|지존무상|부귀병단|마비취 |대상해|탈출|폭소무적
20246349,안나 포에스터,감독,언더월드: 블러드 워
20121550,미야시타 신페이,감독,신밧드 더 무비|아니메의 미래|모르는 척
10009698,데이미언 셔젤,감독,퍼스트맨|라라랜드|위플래쉬
20311032,박정우,감독,고래
10029181,박정우,감독,판도라|연가시|쏜다|강력 3반|바람의 전설|광복절 특사|라이터를 켜라|신라의 달밤|선물|주유소 습격사건
10008688,니콜라스 스톨러,감독,아기배달부 스토크|나쁜 이웃들 |5년째 약혼 중|컴 백 록스타|사랑이 어떻게 변하니?
20251893,더그 스윗랜드,감독,아기배달부 스토크
10075847,켄 로치,감독,"미안해요, 리키|나, 다니엘 블레이크|지미스 홀|앤젤스 셰어: 천사를 위한 위스키|1945년의 시대정신|룩킹 포 에릭|자유로운 세계|그들 각자의 영화관|보리밭을 흔드는 바람|티켓|맥리벨|다정한 입맞춤|2001년 9월 11일|스위트 식스틴|네비게이터|빵과 장미|내 이름은 조|칼라송|랜드 앤 프리덤 |레이닝 스톤|하층민들|숨겨진 계략|가족 생활|케스"
20246889,미야모토 히로아키,감독,원피스 필름 골드
20111853,류훈,감독,촌능력전쟁|영건 탐정사무소|에일리언 비키니|노르웨이의 숲|폐인킬러|틈사이|그 이후... 미안해요|백신의 시대|뼈를 깎는 사랑|이웃집 좀비
10019026,류훈,감독,커튼콜|내 심장을 쏴라|터치|페이스메이커|비밀애|아내가 결혼했다|임성옥 자살기|죽어라지마|네임
20178567,히라바야시 이사무,감독,호비와 무지개 오아시스 대모험|호비와 동화나라 대모험|호비와 엄마나무섬의 비밀|호비와 쿠우의 어드벤처 : 고래의 노래|호비와 후후의 대모험: 무지개꽃을 구하라
10089855,홍지영,감독,"새해전야|당신, 거기 있어줄래요|결혼전야|키친|서양 골동 양과자점 앤티크|별 모양의 얼룩|로자이야기|가족시네마|무서운 이야기|무서운 이야기 '콩쥐 팥쥐'"
20260881,홍지영,감독,"스피노자의 편지|아모르, 아모르 빠티|제6회 서울 프라이드 영화제 국내단편3"
10037076,송민규,감독,목숨 건 연애|마이 웨이|슈퍼스타 감사용|태극기 휘날리며|오버 더 레인보우|바이 준
10066810,조의석,감독,골든슬럼버|마스터|감시자들|조용한 세상|일단뛰어
10000201,가스 제닝스,감독,씽|나의 판타스틱 데뷔작|은하수를 여행하는 히치하이커를 위한 안내서|앤지뉴
10046703,야쿠와 신노스케,감독,극장판 도라에몽: 진구의 달 탐사기|극장판 도라에몽: 신 진구의 버스 오브 재팬|극장판 도라에몽: 진구의 아프리카 모험 ~베코와 5인의 탐험대~
10053816,유야마 쿠니히코,감독,"극장판 포켓몬스터 뮤츠의 역습 EVOLUTION|극장판 포켓몬스터DP - 디아루가 VS 펄기아 VS 다크라이|극장판 포켓몬스터 너로 정했다!|루돌프와 많이있어|포켓몬 더 무비 XY&Z 「볼케니온 : 기계왕국의 비밀」|포켓몬 더 무비 XY 후파: 광륜의 초마신|극장판 포켓몬스터 XY : 파괴의 포켓몬과 디안시|극장판 포켓몬스터 베스트위시: 신의 속도 게노세크트, 뮤츠의 각성|극장판 포켓몬스터 베스트위시「큐레무 VS 성검사 케르디오」|극장판 포켓몬스터 베스트 위시 「비크티니와 흑의 영웅 제크로무」|극장판 포켓몬스터 베스트 위시「비크티니와 백의 영웅 레시라무」|극장판 포켓 몬스터 DP 「환영의 패왕 조로아크」|포켓 몬스터 DP: 아르세우스 초극의 시공으로|극장판 포켓 몬스터 DP - 기라티나와 하늘의 꽃다발 쉐이미|포켓몬 레인저와 바다의 왕자 마나피|포켓 몬스터 - 뮤와 하도의 용사 루카리오|포켓 몬스터 7 - 어드벤스 제네레이션 열공의 방문자 데오키시스|극장판 포켓몬스터 AG - 아름다운 소원의 별 지라치|포켓 몬스터 5 - 포켓몬스터 물의 도시의 수호신|포켓 몬스터 4|포켓 몬스터 3 : 결정탑의 제왕 엔테이|포켓 몬스터 2 : 포켓몽 2000|포켓몬스터 2 - 루기아의 탄생|포켓몬스터 - 뮤츠의 역습|극장판 요술공주 밍키: 꿈 속의 윤무|포켓몬스터 뮤츠 나는 여기에 있다|극장판 포켓몬스터 베스트위시「메로엣타의 반짝반짝 음악회」"
10013469,디에터 버너,감독,에곤 쉴레: 욕망이 그린 그림
10021168,가렛 에드워즈,감독,로그 원: 스타워즈 스토리|고질라|몬스터즈
10053816,유야마 쿠니히코,감독,"극장판 포켓몬스터 뮤츠의 역습 EVOLUTION|극장판 포켓몬스터DP - 디아루가 VS 펄기아 VS 다크라이|극장판 포켓몬스터 너로 정했다!|루돌프와 많이있어|포켓몬 더 무비 XY&Z 「볼케니온 : 기계왕국의 비밀」|포켓몬 더 무비 XY 후파: 광륜의 초마신|극장판 포켓몬스터 XY : 파괴의 포켓몬과 디안시|극장판 포켓몬스터 베스트위시: 신의 속도 게노세크트, 뮤츠의 각성|극장판 포켓몬스터 베스트위시「큐레무 VS 성검사 케르디오」|극장판 포켓몬스터 베스트 위시 「비크티니와 흑의 영웅 제크로무」|극장판 포켓몬스터 베스트 위시「비크티니와 백의 영웅 레시라무」|극장판 포켓 몬스터 DP 「환영의 패왕 조로아크」|포켓 몬스터 DP: 아르세우스 초극의 시공으로|극장판 포켓 몬스터 DP - 기라티나와 하늘의 꽃다발 쉐이미|포켓몬 레인저와 바다의 왕자 마나피|포켓 몬스터 - 뮤와 하도의 용사 루카리오|포켓 몬스터 7 - 어드벤스 제네레이션 열공의 방문자 데오키시스|극장판 포켓몬스터 AG - 아름다운 소원의 별 지라치|포켓 몬스터 5 - 포켓몬스터 물의 도시의 수호신|포켓 몬스터 4|포켓 몬스터 3 : 결정탑의 제왕 엔테이|포켓 몬스터 2 : 포켓몽 2000|포켓몬스터 2 - 루기아의 탄생|포켓몬스터 - 뮤츠의 역습|극장판 요술공주 밍키: 꿈 속의 윤무|포켓몬스터 뮤츠 나는 여기에 있다|극장판 포켓몬스터 베스트위시「메로엣타의 반짝반짝 음악회」"
20247512,사카키바라 모토노리,감독,극장판 포켓몬스터 뮤츠의 역습 EVOLUTION|루돌프와 많이있어
20247049,미츠나카 스스무,감독,하이큐!! 콘셉트의 싸움|하이큐!! 재능과 센스|하이큐!! 승자와 패자|하이큐!! 끝과 시작|하이큐!! 땅 VS 하늘
10040653,신카이 마코토,감독,"날씨의 아이|너의 이름은.|언어의 정원|별을 쫓는 아이|초속5센티미터|구름의 저편, 약속의 장소|별의 목소리|그녀와 그녀의 고양이"
20333594,알렉세이 트시칠린,감독,눈의 여왕4
10044740,알렉세이 트시칠린,감독,눈의 여왕 3: 눈과 불의 마법대결|눈의 여왕 2: 트롤의 마법거울
10069178,주지홍,감독,사랑하기 때문에|토끼와 리저드
20190089,모튼 틸덤,감독,패신저스|이미테이션 게임|헤드헌터
20332265,김태용,감독,더미
10006116,김태용,감독,"원더랜드|꼭두 이야기|마이 페어 웨딩|피크닉|만추|나의 사랑, 나의 영화|가족의 탄생|온 더 로드, 투|이공|여고괴담 두번째 이야기|청춘의 십자로|그녀의 전설|바람이 우리를 데려다 주리라|주리|그녀의 연기 |달리는 차은|이공을받아줘|창백한푸른점 |열일곱|2월 수요단편극장- 김태용 감독 특별전|판타지, 마술적 순간|[인디포럼2016] 신작15 지켜주지 못해 미안해 |한국 환경영화의 흐름 단편|제15회 미쟝센 단편영화제 김태용 단편 특별전 2|제15회 미쟝센 단편영화제 김태용 단편 특별전 1|에코그라운드단편|서울독립영화제2015  심야상영1|서울독립영화제 2015 특별단편 1|2015 GSFF 배우 특별전: 김수안 |2015 GSFF 단편 초청 1|김태용 단편선|그녀의 연기+민우씨오는날|신촌좀비만화|인디포럼2014 필름1|한국 환경영화의 흐름 단편 3|정동진독립영화제 2013 섹션 1 |시선 1318"
10061183,저스틴 커젤,감독,어쌔신 크리드|맥베스
10016924,로버트 저메키스,감독,얼라이드|하늘을 걷는 남자|플라이트|크리스마스 캐롤|베오울프|폴라 익스프레스|캐스트 어웨이|왓 라이즈 비니스|콘택트 |포레스트 검프|죽어야 사는 여자|빽투더퓨처 3|빽 투더 퓨쳐 2|누가 로저래빗을 모함했나|빽 투 더 퓨쳐|고물차 소동
10085973,피터 잭슨,감독,호빗: 다섯 군대 전투|호빗: 스마우그의 폐허|호빗: 뜻밖의 여정|러블리 본즈|킹콩|반지의 제왕 : 왕의 귀환 (확장판)|반지의 제왕 : 왕의 귀환|반지의 제왕 : 두개의 탑 (확장판)|반지의 제왕 : 두개의 탑|반지의 제왕 : 반지원정대 (확장판)|반지의 제왕 : 반지원정대|프라이트너 |고무인간의 최후
10018049,론 클레멘츠,감독,모아나|공주와 개구리|보물성|월트디즈니의 헤라클레스 |알라딘|인어공주 
10067849,존 머스커,감독,모아나|공주와 개구리|보물성|월트디즈니의 헤라클레스 |알라딘|인어공주 
20235147,김진혁,감독,7년-그들이 없는 언론
10085973,피터 잭슨,감독,호빗: 다섯 군대 전투|호빗: 스마우그의 폐허|호빗: 뜻밖의 여정|러블리 본즈|킹콩|반지의 제왕 : 왕의 귀환 (확장판)|반지의 제왕 : 왕의 귀환|반지의 제왕 : 두개의 탑 (확장판)|반지의 제왕 : 두개의 탑|반지의 제왕 : 반지원정대 (확장판)|반지의 제왕 : 반지원정대|프라이트너 |고무인간의 최후
20128773,김성훈,감독,창궐|공조|마이 리틀 히어로
20188062,김석원,감독,터닝메카드W: 블랙미러의 부활|별주부
20251869,홍헌표,감독,터닝메카드W: 반다인의 비밀 특별판|터닝메카드W: 블랙미러의 부활
10087712,한재림,감독,비상선언|더 킹|특종: 량첸살인기|관상|연애의 온도|우아한 세계|연애의 목적|내츄럴시티
20115444,자비에 돌란,감독,그것: 두 번째 이야기|마티아스와 막심|단지 세상의 끝|엘리펀트 송|마미|탐엣더팜|로렌스 애니웨이|하트 비트|아이 킬드 마이 마더|칼리지 보이 |AISFF2015 단편 속 자비에 돌란
20114371,타카하시 와타루,감독,극장판 짱구는 못말려: 아뵤! 쿵후 보이즈 ~라면 대란~|짱구는 못말려 극장판: 폭풍수면! 꿈꾸는 세계 대돌격|짱구는 못말려 극장판 : 정면승부! 로봇아빠의 역습|극장판 아따맘마3D : 엄마는 초능력자
10085782,피터 버그,감독,마일22|패트리어트 데이|딥워터 호라이즌|론 서바이버 |배틀쉽|핸콕|킹덤|프라이데이 나잇 라이트|웰컴 투 더 정글|코르키 로마노|베리배드씽|기적의 터치다운|질주|영혼의 목걸이
10083986,폴 W.S. 앤더슨,감독,후드|레지던트 이블: 파멸의 날|폼페이: 최후의 날|레지던트 이블 5 : 최후의 심판|삼총사 3D|로저 코만의 세계|레지던트 이블 4: 끝나지 않은 전쟁 3D|데스 레이스|에이리언 VS 프레데터|레지던트 이블|싸이트|솔져 |이벤트호라이즌 |모탈 컴뱃 
10085973,피터 잭슨,감독,호빗: 다섯 군대 전투|호빗: 스마우그의 폐허|호빗: 뜻밖의 여정|러블리 본즈|킹콩|반지의 제왕 : 왕의 귀환 (확장판)|반지의 제왕 : 왕의 귀환|반지의 제왕 : 두개의 탑 (확장판)|반지의 제왕 : 두개의 탑|반지의 제왕 : 반지원정대 (확장판)|반지의 제왕 : 반지원정대|프라이트너 |고무인간의 최후
10014956,레베카 밀러,감독,매기스 플랜|피파 리의 특별한 로맨스|발라드 오브 잭 앤 로즈|퍼스널 벨로시티
10011208,다라 오코넬,감독,바다 탐험대 옥토넛 시즌4: 더 파이널|바다 탐험대 옥토넛 시즌4: 바다 괴물 대소동|바다 탐험대 옥토넛 시즌4: 늪지탐험선K|바다 탐험대 옥토넛 시즌4: 아슬아슬 구조대작전|바다 탐험대 옥토넛 시즌4: 빙하탐험선S
20265286,가스 데이비스,감독,막달라 마리아: 부활의 증인|라이언
20215849,전일우,감독,뚜르: 내 생애 최고의 49일
20214827,임정하,감독,뚜르: 내 생애 최고의 49일
20215848,박형준,감독,뚜르: 내 생애 최고의 49일
20215847,김양래,감독,뚜르: 내 생애 최고의 49일
10004899,김양래,감독,성매매의 거리에서 쓴 꿈에 관한 보고서
20113786,드니 빌뇌브,감독,블레이드 러너 2049|컨택트|시카리오: 암살자의 도시|에너미|프리즈너스|그을린 사랑
10091203,D.J. 카루소,감독,트리플 엑스 리턴즈|디스어포인트먼트 룸|스탠딩 업|아이 엠 넘버 포|이글 아이|디스터비아|투 포 더 머니|테이킹 라이브즈|발 킬머의 집행자|블랙 캣 런|동양특급 로형사
20115431,야마모토 야스이치로,감독,명탐정 코난: 에피소드 원-작아진 명탐정|명탐정 코난 : 코난 실종사건 - 사상 최악의 이틀|명탐정 코난: 11번째 스트라이커|명탐정 코난: 천공의 난파선|명탐정 코난:전율의 악보|명탐정 코난:감벽의 관|명탐정 코난 : 탐정들의 진혼가 |명탐정 코난 : 수평선상의 음모|명탐정 코난:은빛 날개의 마술사
10064384,제임스 폴리,감독,50가지 그림자: 해방|50가지 그림자: 심연|퍼펙트 스트레인저|컨피던스|커럽터|체임버|글렌게리 글렌로스|아버지와 아들|레크레스 
10028469,박광현,감독,조작된 도시|웰컴 투 동막골|별리섬|거미맨|사방에 적|내 나이키|교회누나|묻지마 패밀리
20266249,에릭 섬머,감독,인페르노 타워|발레리나
20266250,에릭 와린,감독,발레리나
10077066,크리스 맥케이,감독,레고 배트맨 무비
10060343,장예모,감독,삼국-무영자|그레이트 월|양귀비 : 왕조의 여인|5일의 마중|진링의 13소녀|그들 각자의 영화관|황후화|천리주단기|연인|영웅: 천하의 시작|영웅|행복한 날들|집으로 가는길|책상 서랍 속의 동화|트라이어드|인생 |화혼 |귀주 이야기 |홍등|국두|붉은 수수밭
10001678,고어 버빈스키,감독,더 큐어|론 레인저|랭고|캐리비안의 해적: 세상의 끝에서|캐리비안의 해적 : 망자의 함|웨더 맨|캐리비안의 해적 : 블랙펄의 저주|더 링|멕시칸|마우스헌트
10021332,마대윤,감독,"그래, 가족|덕혜옹주|더 폰|탐정 : 더 비기닝|방황하는 칼날|간첩|10억|청풍명월(淸風明月)|실제상황|하루하루|눈길|마릴린 먼로의 초상"
10022687,마이크 미첼,감독,레고 무비2|트롤|앨빈과 슈퍼밴드3|슈렉 포에버|스카이 하이|서바이빙 크리스마스|듀스 비갈로
20232188,월트 도른,감독,트롤: 월드 투어|트롤
20205006,알베르토 로드리게즈,감독,마이펫 오지|살인의 늪|유닛7
10091491,M. 나이트 샤말란,감독,글래스|23 아이덴티티|더 비지트|애프터 어스|라스트 에어벤더|해프닝|레이디 인 더 워터|빌리지|싸인|언브레이커블|식스 센스|와이드 어웨이크
20259169,배리 젠킨스,감독,문라이트
10025898,멜 깁슨,감독,드래그|핵소 고지|블러드 파더|익스펜더블 3|마세티 킬즈|완전범죄 프로젝트|비버|엣지 오브 다크니스|아포칼립토|누가 전기자동차를 죽였나?|페이백: 스트라이트 업|패션 오브 크라이스트|위대한 질문|노래하는 탐정|싸인|위 워 솔저스|밀리언달러 호텔|왓 위민 원트|치킨 런|패트리어트-늪속의 여우|페이백|리쎌웨폰 4 |컨스피러시 |랜섬 |브레이브 하트 |포카혼타스 |매버릭 |리쎌웨폰3|젊음은 은빛 날개를 타고|햄릿|불같은 약속|불타는 태양|가장 위험한 해|매드맥스
20333252,김준성,감독,동행|불륜
20122844,김준성,감독,루시드 드림|삶의 향기|마지막 귀갓길
20147112,김준성,감독,불청객 - 반가운 손님
20270390,이토 토모히코,감독,극장판 소드 아트 온라인 -오디널 스케일-
10024735,마틴 스코세이지,감독,아이리시맨|사일런스|히치콕 트뤼포|무법도시|50년간의 논쟁|위험한 패밀리|더 울프 오브 월스트리트|베리만 통과하기|조지 해리슨|휴고|셔터 아일랜드|샤인 어 라이트|디파티드|노 디렉션 홈: 밥 딜런|에비에이터|더블루스: 고향으로 가고 싶다|갱스 오브 뉴욕|나의 이탈리아 여행기|비상근무|쿤둔|카지노 |마틴 스콜세지와의 영화 여행|순수의 시대 |케이프 피어|좋은 친구들|예수의 마지막 유혹|성난 황소|뉴욕. 뉴욕|택시 드라이버|비열한 거리
10064101,제임스 맨골드,감독,포드 V 페라리|로건|더 울버린|나잇&데이|3:10 투 유마|앙코르|아이덴티티|케이트 앤 레오폴드|처음 만나는 자유|캅 랜드
20208386,이나정,감독,눈길
20188691,조던 복트-로버츠,감독,콩: 스컬 아일랜드|킹 오브 썸머
20128509,데릭 시엔프랜스,감독,파도가 지나간 자리|플레이스 비욘드 더 파인즈|블루 발렌타인
10079937,테이트 테일러,감독,마|걸 온 더 트레인|제임스 브라운|헬프
10033573,빌 콘돈,감독,굿 라이어|프랑켄슈타인의 신부(가제)|미녀와 야수|미스터 홈즈|브레이킹 던 part2|제5계급|브레이킹 던 part1|드림걸즈|킨제이 보고서|갓 앤 몬스터|캔디 맨 2 
10003883,김덕수,감독,비정규직 특수요원|아빠를 빌려드립니다|이장과 군수|작업의 정석|여선생 VS 여제자|선생 김봉두|재밌는 영화
10085993,피터 첼섬,감독,"베를린, 아이 러브 유|스페이스 비트윈 어스|꾸뻬씨의 행복여행|한나 몬타나 : 더 무비|쉘 위 댄스|타운 앤 컨트리|세렌디피티|마이티|내 노래를 들어라 "
10039274,스티븐 개건,감독,닥터 두리틀|골드|시리아나|어벤던
20169381,에란 크리비,감독,아우토반|테이크다운
10036228,데오도르 멜피,감독,히든 피겨스|세인트 빈센트
10007424,나현,감독,야차|나의 특별한 형제|프리즌|미안해 사랑해 고마워|남쪽으로 튀어|마이 웨이|마당을 나온 암탉|그 남자의 책 198쪽|우리 생애 최고의 순간|화려한 휴가|돌려차기|목포는 항구다|모르는 사람
10004369,김봉한,감독,국제수사|들리나요?|보통사람|히어로|미아
10089497,홍상수,감독,"도망친 여자|강변호텔|풀잎들|그 후|클레어의 카메라|밤의 해변에서 혼자|당신자신과 당신의 것|지금은맞고그때는틀리다|자유의 언덕|우리 선희|누구의 딸도 아닌 해원|토니 레인즈의 한국영화 25년|다른나라에서|북촌방향|옥희의 영화|하하하|잘 알지도 못하면서|밤과 낮|나의 사랑, 나의 영화|해변의 여인|극장전|한국 영화의 르네상스|여자는 남자의 미래다|생활의 발견|오! 수정|강원도의 힘|돼지가 우물에 빠진 날|리스트|첩첩산중|10월 단편 상상극장-홍상수 단편선|베니스 70 : 미래 재장전|어떤 방문 : 디지털 삼인삼색2009"
20193066,키시 세이지,감독,극장판 암살교실 : 365일의 시간|극장판 푸른 강철의 아르페지오 -아르스 노바- 카덴차|극장판 푸른 강철의 아르페지오 - 아르스 노바 - DC
20273669,유위,감독,아기돼지 3형제와 쿵푸랜드|아기돼지 3형제와 매직램프
10037485,펭 페이,감독,개구리왕국 2
20127329,루퍼트 샌더스,감독,공각기동대 : 고스트 인 더 쉘|스노우 화이트 앤 더 헌츠맨
20182346,양경모,감독,원라인|떨|일출|나쁜 연기|제15회 미쟝센 단편영화제 전년도 수상작 1|제16회 대구단편영화제 경쟁8|제14회 미쟝센 단편영화제 비정성시1
10034595,사토 신스케,감독,킹덤|히어로 일본 대침공|이누야시키 : 히어로 VS 빌런|데스노트: 더 뉴 월드|아이 엠 어 히어로|도서관 전쟁|간츠: 퍼펙트 앤서|간츠|잃어버린 마법의 섬 홋타라케|모래시계|우리개 이야기|프린세스 블레이드|러브 송
10067817,존 매든,감독,미스 슬로운|베스트 엑조틱 메리골드 호텔 2|베스트 엑조틱 메리골드 호텔|언피니시드|킬샷|프루프|코렐리의 만돌린|세익스피어 인 러브|미세스 브라운 |골든 게이트 |에단 프롬
20068936,이상일,감독,그가 사는 곳|8 |암초가 있는 곳
20306534,이상일,감독,감독춘향|우애
20111456,이상일,감독,"분노|악인|ABC,단편영화|훌라걸스|스크랩 헤븐|69 식스티 나인|청"
10056949,이윤기,감독,"어느날|남과 여|사랑한다, 사랑하지 않는다|멋진 하루|아주 특별한 손님|러브토크|여자, 정혜|티파니에서 아침을"
20126431,다니엘 에스피노사,감독,모비우스|라이프|차일드 44|세이프 하우스|이지머니
10058504,임대웅,감독,시간위의 집|실종 : 택시 납치 사건|스승의 은혜|일단뛰어|비수기|무서운 이야기|무서운 이야기 '공포 비행기'
10085782,피터 버그,감독,마일22|패트리어트 데이|딥워터 호라이즌|론 서바이버 |배틀쉽|핸콕|킹덤|프라이데이 나잇 라이트|웰컴 투 더 정글|코르키 로마노|베리배드씽|기적의 터치다운|질주|영혼의 목걸이
10020531,리카르도 아나이즈,감독,슈퍼 버드
20247069,마이크 컨켈,감독,슈퍼 버드
20230906,김형협,감독,아빠는 딸|러브 아일랜드
10091258,F. 게리 그레이,감독,맨 인 블랙: 인터내셔널|분노의 질주: 더 익스트림|스트레이트 아웃 오브 컴턴|모범시민|쿨|빈 디젤의 디아블로|이탈리안 잡|네고시에이터|셋잇오프 
10022830,마이클 그랜다지,감독,지니어스
10063534,제이미 미첼,감독,리틀 프린세스 소피아 : 진정한 용기 |리틀 프린세스 소피아 : 신비한 섬|리틀 프린세스 소피아: 엘레나와 비밀의 아발로 왕국|곰돌이 푸 - 즐거운 크리스마스! 신나는 새해!|미키 마우스와 악당의 집
20273951,엘리자베스 이토,감독,극장판 어드벤처 타임: 비밀의 아일랜드|웰컴 투 마이 라이프|2016 최강애니전 - 자그레브 애니메이션 영화제 
10003134,딘 이스라엘리트,감독,파워레인져스: 더 비기닝|백 투 더 비기닝
10072781,최진성,감독,"저수지 게임|더 플랜|소녀|I AM|바람이 불어오는 곳|다세포소녀|에로틱 번뇌 보이|그들만의 월드컵|뻑큐멘터리-박통진리교|이상,한가역반응|저수지의 개들 take 2. 낙동강 (with 바드&정민아)|저수지의 개들 take1. 남한강 (with 윈디 시티)|김추자|캐치 미 이프 유 캔 |히치하이킹|누구를 위하여 총을 울리나|중국집으로 간 항공모함|SIDOF2014 <포럼기획6>|Jam Docu 강정|동백꽃|독립영화인 국가보안법 철폐 프로젝트|최진성 단편 콜렉션 2|최진성 단편 콜렉션 1"
20112575,최진성,감독,맞춤희곡|추억이라 부르는 이름의 노래|톰 앤 제리|고양이 입 속으로 뛰어들다
10067767,존 리 행콕,감독,파운더|세이빙 미스터 뱅크스|블라인드 사이드|알라모|루키|완전한 세상 
20274889,윤세영,감독,마리안느와 마가렛
10086985,하스미 에이이치로,감독,오버 드라이브|암살교실: 졸업편|모즈|암살교실|와일드 세븐|가슴 배구단|은색 시즌|우미자루 2 : 리미트 오브 러브|역경 나인|우미자루
20125803,문현성,감독,조선소방수|임금님의 사건수첩|아티스트: 다시 태어나다|코리아|7광구|요가학원|은하해방전선|화려한 휴가
20275649,홍주연,감독,"서서평, 천천히 평온하게"
20328112,홍현정,감독,고고송
20110676,박인제,감독,특별시민|모비딕|여기가 끝이다
10027748,믹 잭슨,감독,나는 부정한다|코버트 원 : 헤이디스 팩터|백만장자 프로젝트|CNN의 바그다드 통신|모리와 함께 한 화요일|볼케이노 |인다익먼트|보디가드|LA이야기|고독한 투쟁
20276549,고동우,감독,극장판 또봇: 로봇군단의 습격
10055080,이달,감독,극장판 또봇: 로봇군단의 습격
20129269,타다 슌스케,감독,극장판 쿠로코의 농구 라스트 게임|극장판 테니스의 왕자 : 영국식 테니스성 결전
10076064,캘리 애스버리,감독,어글리 돌|스머프: 비밀의 숲|노미오와 줄리엣|슈렉2|스피릿
20332944,김형주,감독,미션 파서블(가제)
20131894,김형주,감독,보안관|군도: 민란의 시대|R2B: 리턴투베이스|나는 왕이로소이다|달빛 길어올리기|달콤한 거짓말
10080866,톰 맥그라스,감독,보스 베이비|마다가스카의 펭귄|마다가스카3 : 이번엔 서커스다!|메가마인드|마다가스카 2|마다가스카
10063965,제임스 건,감독,가디언즈 오브 갤럭시 VOL. 2|가디언즈 오브 갤럭시|슬리더|트로미오와 줄리엣
10058661,임아론,감독,슈퍼 빼꼼: 스파이 대작전|빼꼼의 머그잔 여행|컨택트 2|Angel
10059951,장 피에르 다르덴,감독,언노운 걸|내일을 위한 시간|자전거 탄 소년|로나의 침묵|그들 각자의 영화관|더 차일드|아들|로제타|약속
10019001,뤽 다르덴,감독,언노운 걸|내일을 위한 시간|자전거 탄 소년|로나의 침묵|더 차일드|아들|로제타|약속
10045149,알버토 마르,감독,오즈의 마법사 2|탑캣: 뉴욕 대소동
10003489,김휘,감독,석조저택 살인사건|괴물들|퇴마: 무녀굴|이웃사람|시체가 돌아왔다|댄싱퀸|7광구|심야의 F.M.|하모니|해운대|색즉시공 시즌2|무서운 이야기 2|무서운 이야기2 '사고'
10019469,리들리 스콧,감독,올 더 머니|에이리언: 커버넌트|마션|차일드 44|엑소더스: 신들과 왕들|카운슬러|스토커|프로메테우스|로빈 후드|바디 오브 라이즈|아메리칸 갱스터|어느 멋진 순간|킹덤 오브 헤븐|보이지 않는 아이들|매치스틱 맨|블랙 호크 다운|한니발|글래디에이터|지아이제인|화이트 스콜 |1492 콜럼버스|델마와 루이스 |블레이드 러너: 파이널 컷|에이리언즈 원 |에일리언: 감독판|결투자들
20173321,야마다 나오코,감독,리즈와 파랑새|목소리의 형태|타마코 러브 스토리|케이온
10062136,정인봉,감독,질투의 역사|길|기다리다 미쳐|순애
10086265,조던 필,감독,어스|겟 아웃
10031356,변성현,감독,킹메이커: 선거판의 여우|불한당: 나쁜 놈들의 세상|나의 PS 파트너 |청춘그루브|리얼
10000296,가이 리치,감독,젠틀맨|알라딘|킹 아서: 제왕의 검|맨 프롬 UNCLE|셜록홈즈 : 그림자 게임|셜록 홈즈|락큰롤라|리볼버|스웹트 어웨이|스내치|록 스탁 앤 2 스모킹 배럴즈
10028066,타파스 차크라바르티,감독,피터와 모글리의 크리스마스 어드벤처|정글북
10012766,도미니크 아벨,감독,로스트 인 파리|페어리|룸바|아이스버그
10085541,피오나 고든,감독,로스트 인 파리|페어리|룸바|아이스버그
10048721,에스펜 샌버그,감독,아문센 |캐리비안의 해적: 죽은 자는 말이 없다|막스 마누스|밴디다스
10051812,요아킴 뢰닝,감독,말레피센트 2|캐리비안의 해적: 죽은 자는 말이 없다|콘티키: 위대한 항해|막스 마누스
10057682,이창재,감독,노무현입니다|에필로그|목숨|길위에서|사이에서|미국전쟁략사
20241646,츠키카와 쇼,감독,너는 달밤에 빛나고|철벽선생|히비키|옆자리 괴물군|너의 췌장을 먹고 싶어|너와 100번째 사랑|쿠로사키군의 말대로는 되지 않아
10062089,정윤철,감독,대립군|그랜드파더|내 심장을 쏴라|슈퍼맨이었던 사나이|좋지 아니한가|말아톤|쓰리|아빠의 검|바이크 레이디|알파 센타우리|잠수왕 무하마드|폭풍의 언덕|기념촬영|[PDFF2015] 장애인미디어운동1 + 한국영화초청3|기념촬영+ 엔딩노트|세번째 시선|3인 3색 러브스토리 : 사랑즐감
10082849,팻티 젠킨스,감독,원더 우먼 1984|원더 우먼|몬스터
20187850,라이 루소 영,감독,운명의 하루|7번째 내가 죽던 날|노바디 웍스
20244811,조현훈,감독,꿈의 제인|서울집|메타모포시스
10022352,야마구치 켄타로,감독,베이블레이드 버스트 갓 : 갓 발키리의 탄생
10011208,다라 오코넬,감독,바다 탐험대 옥토넛 시즌4: 더 파이널|바다 탐험대 옥토넛 시즌4: 바다 괴물 대소동|바다 탐험대 옥토넛 시즌4: 늪지탐험선K|바다 탐험대 옥토넛 시즌4: 아슬아슬 구조대작전|바다 탐험대 옥토넛 시즌4: 빙하탐험선S
20186877,이영준,감독,극장판 미니특공대: 공룡왕 디노 |미니특공대X|파워배틀 와치카: 와치가면의 역습|부릉! 부릉! 브루미즈: 스피더의 모험 일기|파워배틀 와치카 미니카 배틀리그: 불꽃의 질주|최강전사 미니특공대: 영웅의 탄생|최강전사 미니특공대 : 새로운 악당의 습격|뽀로로 극장판 슈퍼썰매 대모험
20292889,김래경,감독,파워배틀 와치카: 와치가면의 역습
10044873,알렉스 커츠먼,감독,미이라|피플 라이크 어스 
10061761,정병길,감독,악녀|내가 살인범이다|반두비|우린 액션배우다|락큰롤에 있어 중요한 것 세가지
10023936,마츠오카 조지,감독,"심야식당 2|심야식당|오다기리 죠의 도쿄타워|환희의 노래|안녕, 쿠로"
20129369,히시다 마사카즈,감독,킹 오브 프리즘 올 스타즈 -프리즘 쇼☆베스트10-|킹 오브 프리즘 –샤이니 세븐 스타즈- IV 루이x신x언노운|킹 오브 프리즘 -샤이니 세븐 스타즈- Ⅲ 레오×유우×알렉|킹 오브 프리즘 –샤이니 세븐 스타즈- II 카케루x조지x미나토|킹 오브 프리즘 -샤이니 세븐 스타즈-|킹 오브 프리즘 - 프라이드 더 히어로|극장판 프리파라 모두 모여라! 프리즘☆투어즈|킹 오브 프리즘|뉴타입 히어로 얏타맨
20131018,조선호,감독,하루|더 웹툰: 예고살인|홍길동의 후예|원스어폰어타임|소년은 울지 않는다|김관장 대 김관장 대 김관장
10083622,폴 버호벤,감독,엘르|트릭|블랙북|할로우 맨|스타쉽 트루퍼스 |쇼걸|원초적 본능|토탈리콜|포스 맨 |더 레슬러|AISFF2016 시네마 올드 앤 뉴 + 특별상영 2|AISFF2016 시네마 올드 앤 뉴 + 특별상영 1
20274369,테레사 스트로젝,감독,꼬마돼지 베이브의 대모험
10081445,양선,감독,나의 붉은고래
10060095,장춘,감독,나의 붉은고래
20115576,토비 젠켈,감독,꼬마참새 리차드: 아프리카 원정대|노아의 방주: 남겨진 녀석들|토르: 마법망치의 전설
10007095,레자 메마리,감독,꼬마참새 리차드: 아프리카 원정대
10023100,마이클 베이,감독,트랜스포머: 최후의 기사|13시간|닌자터틀|트랜스포머: 사라진 시대|페인 앤 게인|트랜스포머 3|트랜스포머: 패자의 역습|트랜스포머|아일랜드|나쁜 녀석들 II|진주만|아마겟돈|더 록 |나쁜 녀석들 
10010254,대런 린 보우즈만,감독,세인트 아가타 |다크 하우스|테일즈 오브 할로윈|더 배런스|마더스 데이|리포! 더 제네틱 오페라|쏘우 4|쏘우 3|쏘우 2
10048599,에반 트라멜,감독,언더 더 씨2|바다 몬스터 |언더더씨|블랙 워터 뱀파이어
20173656,제임스 폰솔트,감독,더 서클|스매쉬드
10057485,이준익,감독,"자산어보|썬키스 패밀리|변산|박열|대배우|동주|그날의 분위기|사도|소원|봄날의 입맞춤|평양성|구르믈 버서난 달처럼|님은 먼 곳에|궁녀|즐거운 인생|라디오 스타|도마뱀|왕의 남자|달마야, 서울 가자|황산벌|달마야 놀자|공포택시|아나키스트|키드캅"
20254349,이사랑,감독,리얼
10076101,켈리 프레몬,감독,지랄발광 17세
10031641,봉준호,감독,"기생충|옥자|해무(海霧)|설국열차|토니 레인즈의 한국영화 25년|마더|미쓰 홍당무|감독들, 김기영을 말하다|괴물|남극일기|살인의 추억|이공|피도 눈물도 없이|플란다스의 개|유령|모텔 선인장|인플루엔자|싱크 & 라이즈|프레임 속의 기억들|백색인|지리멸렬|인디포럼2014 필름1|도쿄!"
10019781,정량,감독,부니베어: 원시시대 대모험|판타스티카|판타스틱 부니베어|부니베어: 나무 도둑의 습격|부니베어: 로거빅 컴백홈 프로젝트|부니베어: 브램블의 신비한 모험|부니 베어: 롤라 구출 대모험
10011450,데이비드 스토튼,감독,토마스와 친구들: 우정의 대모험|토마스와 친구들: 그레이트 레이스|토마스와 친구들: 수수께끼 해적선과 보물찾기
10038689,존 왓츠,감독,스파이더맨: 파 프롬 홈|스파이더맨: 홈 커밍|캅카
10089497,홍상수,감독,"도망친 여자|강변호텔|풀잎들|그 후|클레어의 카메라|밤의 해변에서 혼자|당신자신과 당신의 것|지금은맞고그때는틀리다|자유의 언덕|우리 선희|누구의 딸도 아닌 해원|토니 레인즈의 한국영화 25년|다른나라에서|북촌방향|옥희의 영화|하하하|잘 알지도 못하면서|밤과 낮|나의 사랑, 나의 영화|해변의 여인|극장전|한국 영화의 르네상스|여자는 남자의 미래다|생활의 발견|오! 수정|강원도의 힘|돼지가 우물에 빠진 날|리스트|첩첩산중|10월 단편 상상극장-홍상수 단편선|베니스 70 : 미래 재장전|어떤 방문 : 디지털 삼인삼색2009"
10075727,케이트 쇼트랜드,감독,베를린 신드롬|로어|아찔한 십대|꽃소녀|블랙 위도우
10018168,롭 라이너,감독,충격과 공포|산타모니카 인 러브|매직 오브 벨 아일|플립|버킷 리스트:죽기전에 꼭 하고싶은것들|그녀가 모르는 그녀에 관한 소문|알렉스와 엠마|스토리 오브 어스|심판|미시시피|대통령의 연인|어퓨굿맨|미저리|해리가 샐리를 만났을 때|프린세스 브라이드|스탠 바이 미
10042478,에이슬링 월쉬,감독,내 사랑|핑거스미스|비전스 오브 유럽
10031972,브라이언 피,감독,카3: 새로운 도전
10067516,존 건,감독,예수는 역사다|신을 믿습니까?|단델리온 더스트|마이 데이트 위드 드류|체이서
20185450,요하네스 로버츠,감독,47미터 2|노크: 초대받지 않은 손님|47 미터|에일리언 인베이젼|에프 
10024437,마크 펠링톤,감독,내가 죽기 전에 가장 듣고 싶은 말|헨리 풀 이즈 히어|유투 3D|모스맨|함정|다크니스 
10077460,크리스토퍼 놀란,감독,덩케르크|인터스텔라|트랜센던스|다크 나이트 라이즈|인셉션|다크 나이트|프레스티지|배트맨 비긴즈|인썸니아|메멘토|미행
20175880,하시모토 마사카즈,감독,극장판 짱구는 못말려 : 습격!! 외계인 덩덩이|짱구는 못말려 극장판: 나의 이사 이야기 선인장 대습격|짱구는 못말려 극장판：엄청 맛있어! B급 음식 서바이벌!|레이튼 교수와 영원의 가희
10029694,블라디미르 토로프킨,감독,오즈: 신기한 마법가루
10068722,존 R. 레오네티,감독,사일런스|위시 어폰|애나벨|나비효과 2|모탈 컴뱃2: 6일간의 전투|스파이 하드 |모탈 컴뱃 
20100020,피에르 꼬팽,감독,슈퍼배드 3|미니언즈|슈퍼배드 2|슈퍼  배드
20127335,카일 발다,감독,미니언즈2|슈퍼배드 3|미니언즈|로렉스
10019069,류승완,감독,"모가디슈|엑시트|사바하|군함도|군함도 감독판|베테랑|베를린|평양성|부당거래|해결사|다찌마와리|감독들, 김기영을 말하다|짝패|주먹이 운다(Crying Fist)|아라한 장풍대작전|오아시스|피도 눈물도 없이|죽거나 혹은 나쁘거나|타임리스|남자니까 아시잖아요?|다찌마와리|현대인|패싸움|4월 단편 상상극장-박정민 헤는 밤|신촌좀비만화|제14회 미쟝센 단편 영화제 류승완 단편 특별전2|다섯 개의 시선|유령"
10079743,테렌스 맬릭,감독,송 투 송|나이트 오브 컵스|투 더 원더|트리 오브 라이프|뉴월드|씬 레드라인 |천국의 나날들|황무지
10060674,장훈,감독,택시운전사|고지전|의형제|영화는 영화다|시간|활|빈집|신부수업|사마리아|헤라퍼플
20113482,시즈노 코분,감독,"안녕, 티라노: 영원히, 함께|명탐정 코난:진홍의 연가|명탐정 코난: 순흑의 악몽|명탐정 코난 : 화염의 해바라기|명탐정 코난 : 이차원의 저격수|명탐정 코난: 11번째 스트라이커|명탐정 코난 : 침묵의 15분|진구세주전설 북두의 권 토키전"
10043412,토니 레온디스,감독,이모티: 더 무비|이고르와 귀여운 몬스터 이바|릴로 & 스티치 2
10090450,엘레노어 코폴라,감독,파리로 가는 길|회상: 지옥의 묵시록
20112387,김주환,감독,사자|청년경찰|코알라|조선명탐정 : 각시투구꽃의 비밀|불량남녀|악마를 보았다|굿바이 마이 스마일|안내견|제15회 미쟝센 단편영화제 비정성시2
20187131,제레미 드그루손,감독,빅풋 주니어|썬더와 마법저택
10031148,벤 스타센,감독,프린스 코기|빅풋 주니어|로빈슨 크루소|썬더와 마법저택|새미의 어드벤쳐 2|새미의 어드벤쳐|플라이 미 투 더 문
20235586,데이비드 F. 샌드버그,감독,샤잠!|애나벨 : 인형의 주인|라이트 아웃
10006889,다카하시 아츠시,감독,극장판 도라에몽: 진구의 남극 꽁꽁 대모험
10025284,맷 리브스,감독,혹성탈출: 종의 전쟁|혹성탈출: 반격의 서막|렛 미 인|클로버필드|졸업
10032735,마누크 데포얀,감독,드래곤 스펠: 마법 꽃의 비밀
20235206,최승호,감독,공범자들|7년-그들이 없는 언론|자백
10008789,니콜라이 아르셀,감독,다크타워: 희망의 탑|로얄 어페어|보이첵의 마지막 교향곡
10029578,박훈정,감독,낙원의 밤|마녀|브이아이피|대호|신세계|혈투|부당거래|악마를 보았다
10005660,김종관,감독,"아무도 없는 곳|더 테이블|최악의 하루|조금만 더 가까이|바람의 노래|엄마 찾아 삼만리|메모리즈|하코다테에서 안녕|별 시(別 時)|모르는 여자|올 가을의 트렌드|헤이, 톰 |메모리즈|기다린다|길잃은시간|침묵의 대화|드라이버|모놀로그 #1|누구나 외로운 계절 |영재를 기다리며|낙원|폴라로이드 작동법|사랑하는 소녀|바람 이야기|운디드 |페르소나|최악의 하루+폴라로이드 작동법|김종관 감독 특별 상영 더 테이블+최악의 하루+폴라로이드 작동법 |5월 수요단편극장 “김종관 & 양익준 감독展”|아카이브의 유령들|<4월 단편 상상극장-첫사랑 연습법>|연인들|숏!숏!숏!|눈부신 하루|Dir/Actors 6. 양익준 단편|거리 이야기"
10025038,매니 에르난데스,감독,위 베어 베어스: 베이비 베어스|극장판 위 베어 베어스: 곰 브라더스
10019011,뤽 베송,감독,안나|발레리안: 천 개 행성의 도시|워리어스 게이트|루시|브릭 맨션: 통제불능 범죄구역|쓰리데이즈 투 킬|위험한 패밀리|올모스트 차밍|위험한 패밀리 패밀리 에디션|락아웃: 익스트림미션|아더와 미니모이 3: 두 세계의 전쟁|블랑섹의 기이한모험|더 레이디|아더와 미니모이 2 : 셀레니아 공주 구출 작전|테이큰|아더와 미니모이-제1탄비밀원정대의출정|엔젤-A|뤽 베송의 밀레니엄맨|쟌다르크|제 5원소 리마스터링 감독판|제5원소 |레옹 |레옹 디 오리지널|아틀란티스 : 바다의 오페라 |니키타|그랑블루 리마스터링 감독판|그랑 부르|서브웨이|마지막 전투
20111036,이덕희,감독,로마의 휴일|창수|사어|두사부일체|봄날은 간다|파이란
20136404,패트릭 휴즈,감독,킬러의 보디가드 무삭제 특별판|킬러의 보디가드|익스펜더블 3|레드 힐
10011719,데이빗 레이치,감독,분노의 질주: 홉스&쇼|데드풀 2: 순한맛|데드풀 2|얼티밋 배틀|아토믹 블론드|존 윅: 특별판|존 윅
20191566,이상호,감독,대통령의 7시간|다이빙벨 그후|김광석|다이빙벨: 진실은 침몰하지 않습니다|다이빙벨
20111284,원신연,감독,"봉오동 전투|제5열|살인자의 기억법 : 새로운 기억|살인자의 기억법|용의자|나의 사랑, 나의 영화|세븐 데이즈|구타유발자들|가발|적|빵과 우유|자장가"
20156577,안드레스 무시에티,감독,그것: 두 번째 이야기|그것|마마
10036760,소피아 코폴라,감독,매혹당한 사람들|라 트라비아타|블링 링|40X15 : 칸 감독주간 40년의 기록|마리 앙투아네트|사랑도 통역이 되나요?|처녀 자살 소동
10072781,최진성,감독,"저수지 게임|더 플랜|소녀|I AM|바람이 불어오는 곳|다세포소녀|에로틱 번뇌 보이|그들만의 월드컵|뻑큐멘터리-박통진리교|이상,한가역반응|저수지의 개들 take 2. 낙동강 (with 바드&정민아)|저수지의 개들 take1. 남한강 (with 윈디 시티)|김추자|캐치 미 이프 유 캔 |히치하이킹|누구를 위하여 총을 울리나|중국집으로 간 항공모함|SIDOF2014 <포럼기획6>|Jam Docu 강정|동백꽃|독립영화인 국가보안법 철폐 프로젝트|최진성 단편 콜렉션 2|최진성 단편 콜렉션 1"
20112575,최진성,감독,맞춤희곡|추억이라 부르는 이름의 노래|톰 앤 제리|고양이 입 속으로 뛰어들다
10080742,닛타 노리오,감독,에그엔젤 코코밍: 두근두근 핼러윈 파티|극장판 에그엔젤 코코밍: 푸르밍과 두근두근 코코밍 세계
10038963,레오폴도 아귈라,감독,몬스터 섬의 비밀
10047596,에드가 라이트,감독,베이비 드라이버|더 월드스 엔드|뜨거운녀석들|그라인드 하우스|새벽의 황당한 저주
10010452,더그 라이만,감독,아메리칸 메이드|엣지 오브 투모로우|페어 게임 |점퍼|미스터 & 미세스 스미스|본 아이덴티티|고
20245269,이마이즈미 리키야,감독,"사랑이 뭘까|좋아해, 너를"
10090538,후안 안토니오 바요나,감독,쥬라기 월드: 폴른 킹덤|몬스터 콜|더 임파서블|오퍼나지 - 비밀의 계단
20187726,테일러 쉐리던,감독,시카리오: 데이 오브 솔다도|윈드 리버: 감독판|윈드 리버|바일-게임 오브 더 페인
10015608,오리올 파울로,감독,인비저블 게스트|더 바디
10006261,김현석,감독,아이 캔 스피크|쎄시봉|열한시|잉투기|시라노; 연애조작단|스카우트|광식이 동생 광태|YMCA야구단|공동경비구역 JSA|섬|해가 서쪽에서 뜬다면|사랑하기 좋은 날
10063973,제임스 그레이,감독,애드 아스트라|잃어버린 도시 Z|히치콕 트뤼포|이민자|투 러버스|위 오운 더 나잇|더 야드|샤칼
20121281,매튜 본,감독,메튜 본의 백조의 호수 3D
10025167,매튜 본,감독,킹스맨: 퍼스트 에이전트|킹스맨: 골든 서클|킹스맨 : 시크릿 에이전트|엑스맨: 데이즈 오브 퓨처 패스트|엑스맨: 퍼스트 클래스|킥 애스: 영웅의 탄생|스타더스트|레이어 케이크
20171642,우시로 신지,감독,극장판 요괴워치 섀도사이드: 도깨비왕의 부활|극장판 요괴워치: 하늘을 나는 고래와 더블세계다냥!|극장판 요괴워치: 탄생의 비밀이다냥!|스트레이트 재킷
10036240,요코이 타케시,감독,극장판 요괴워치: 하늘을 나는 고래와 더블세계다냥!
10022686,마이크 밀스,감독,우리의 20세기|비기너스|썸서커|먹기 자기 기다리고 연주하기
20243709,문창용,감독,다시 태어나도 우리
10063534,제이미 미첼,감독,리틀 프린세스 소피아 : 진정한 용기 |리틀 프린세스 소피아 : 신비한 섬|리틀 프린세스 소피아: 엘레나와 비밀의 아발로 왕국|곰돌이 푸 - 즐거운 크리스마스! 신나는 새해!|미키 마우스와 악당의 집
20135271,강윤성,감독,힙대디|롱 리브 더 킹: 목포 영웅|범죄도시|영어완전정복
10090050,황동혁,감독,도굴|남한산성|수상한 그녀|도가니|마이 파더|기적의 도로
20187750,캘런 브런커,감독,넛잡 2|슈퍼노바 지구 탈출기
10054697,안드레이 갈랏,감독,매직울프
10025466,막심 볼코브,감독,로빈슨의 언더워터 어드벤처|매직울프
10069628,줄리오 소토 거피드,감독,딥
10024339,마크 웹,감독,리빙보이 인 뉴욕|어메이징 메리|어메이징 스파이더맨 2|어메이징 스파이더맨|500일의 썸머
10001931,곽경택,감독,장사리 : 잊혀진 영웅들|암수살인|희생부활자|극비수사|친구 2|미운오리새끼|통증|굿바이 보이|킹콩을 들다|눈에는 눈 이에는 이|사랑|태풍|똥개|챔피언|친구|닥터 K|억수탕(3pm Paradise)|기억을 만나다
20113786,드니 빌뇌브,감독,블레이드 러너 2049|컨택트|시카리오: 암살자의 도시|에너미|프리즈너스|그을린 사랑
20115465,미키 타카히로,감독,"포르투나의 눈동자|언덕길의 아폴론|선생님!... 좋아해도 될까요?|나는 내일, 어제의 너와 만난다|아오하라이드|양지의 그녀|소라닌"
10088119,해리 클레븐,감독,나의 엔젤|트러블|최후의 연인들
10008843,니키 카로,감독,뮬란|주키퍼스 와이프|맥팔랜드 USA|노스 컨츄리|웨일 라이더
20131414,이원태,감독,악인전|대장 김창수|조선마술사|가비|파파|오싹한 연애
10010219,대니 캐넌,감독,지오스톰|골!|나는 아직도 네가 지난 여름에 한 일을 알고 있다|피닉스|저지 드레드 |영 아메리칸 
20112222,대런 아로노프스키,감독,마더!|재키|노아|블랙 스완|더 레슬러|천년을 흐르는 사랑|레퀴엠|파이
10056391,이시즈카 아츠코,감독,노 게임 노 라이프 -제로-
10006854,나루시마 이즈루,감독,"잠깐만 회사 좀 관두고 올게|솔로몬의 위증 후편: 재판|솔로몬의 위증 전편: 사건|8일째 매미 |러브 파이트|플라이, 대디, 플라이|방심은 금물"
20241646,츠키카와 쇼,감독,너는 달밤에 빛나고|철벽선생|히비키|옆자리 괴물군|너의 췌장을 먹고 싶어|너와 100번째 사랑|쿠로사키군의 말대로는 되지 않아
10079273,타이카 와이티티,감독,프리 가이 |조조 래빗|토르: 라그나로크|이글 대 샤크
10040434,신수원,감독,물비늘|젊은이의 양지|유리정원|마돈나|명왕성|레인보우|순환선|면도를 하다|가족시네마|이제 난 용감해질거야
10060461,장재혁,감독,뷰티풀 투모로우
20283230,룬 스파안스,감독,배저로와 친구들: 신비한 모험
20170403,라스무스 A. 실버르센,감독,고릴라와 슈퍼레이스|아기곰 보보 구출 대작전|배저로와 친구들: 신비한 모험|꼬마영웅 경찰차 프로디2|솔란과 루드빅의 화이트 크리스마스 대소동|꼬마영웅 경찰차 프로디
10085893,피터 스피어이그,감독,윈체스터|직쏘|타임 패러독스|언데드
10023232,마이클 스피어리그,감독,윈체스터|직쏘|타임 패러독스|데이브레이커스|언데드
10062256,정지우,감독,"유열의 음악앨범|침묵|남극의 여름|4등|잉투기|은교|이끼|모던보이|나의 사랑, 나의 영화|감독들, 김기영을 말하다|사랑니|해피엔드|배낭을 멘 소년 |생강|그랜드 파더|사로|미행+남극의 여름|인디포럼2014 필름1|다섯 개의 시선|인디포럼2015 특별1"
20110174,장유정,감독,정직한 후보|부라더|김종욱 찾기
10029969,방은진,감독,"메소드|장수상회|집으로 가는 길|용의자X|미쓰 홍당무|오로라 공주|비디오를 보는 남자|스물넷|잎새|두밀리 2: 시작하는 순간|구멍|산부인과|너희가 재즈를 믿느냐|학생부군신위|맥주가 애인보다 좋은 7가지 이유|301·302|진주는 공부중|블리치|날아간 뻥튀기|도구|파출부, 아니다|소금-철도여성 노동자 이야기|서브로사|돌아갈 귀|인디스데이 3월 단편|시선 1318|Dir/Actors 11. 여배우들 단편"
10007306,나타우트 푼프리야,감독,배드 지니어스|카운트다운
10070411,진광교,감독,내게 남은 사랑을|할머니는 일학년|려수|뷰티풀 선데이
10071988,텐 샤오펑,감독,신서유기 : 몽키킹의 부활
10077478,크리스토퍼 랜던,감독,해피 데스데이 2 유|해피 데스데이|파라노말 액티비티 : 더 마크드 원스
10012671,도로타 코비엘라,감독,러빙 빈센트: 임파서블 드림|러빙 빈센트 : 비하인드 에디션|러빙 빈센트
10082821,휴 웰치맨,감독,러빙 빈센트: 임파서블 드림|러빙 빈센트 : 비하인드 에디션|러빙 빈센트
20153388,조영준,감독,채비|비욘드 3D|피아노|마녀 김광자|인투 포커스
20247715,조영준,감독,사냥|SESIFF2016 경쟁7 문제없이 사는 남자
10056570,이안규,감독,"미옥|그대 이름은 장미|악마를 보았다|구르믈 버서난 달처럼|좋은 놈, 나쁜 놈, 이상한 놈 |달콤한 인생|장화, 홍련|조용한 가족|인류 멸망 보고서 '천상의 피조물' "
20148008,타케모토 노보루,감독,극장판 파워레인저: 애니멀포스 VS 닌자포스 미래에서 온 메시지 |극장판 파워레인저: 캡틴포스 VS 미라클포스 199 히어로 대결전 
10024339,마크 웹,감독,리빙보이 인 뉴욕|어메이징 메리|어메이징 스파이더맨 2|어메이징 스파이더맨|500일의 썸머
20112022,이용승,감독,7호실|10분|결혼기념일|촬영자의 기본 수칙|런던유학생 리차드|촌철살인
10060910,잭 스나이더,감독,저스티스 리그|배트맨 대 슈퍼맨: 저스티스의 시작|300: 제국의 부활|맨 오브 스틸|써커 펀치|가디언의 전설|왓치맨|300|새벽의 저주
20169826,잭 스나이더,감독,고스트 이미지
20247049,미츠나카 스스무,감독,하이큐!! 콘셉트의 싸움|하이큐!! 재능과 센스|하이큐!! 승자와 패자|하이큐!! 끝과 시작|하이큐!! 땅 VS 하늘
20284809,스도 토모노리,감독,페이트 스테이 나이트 헤븐즈필 제2장 로스트 버터플라이|페이트 스테이 나이트 헤븐즈필 제1장 프레시지 플라워
20148100,장창원,감독,꾼|평양성|반가운 살인자|님은 먼 곳에|즐거운 인생|라디오 스타|왕의 남자
20121454,루이스 프리에토,감독,키드냅|푸셔: 파이널 프로젝트
10052285,우테 폰 뮌쇼폴,감독,래빗 스쿨|붕붕 달려라 깜이
20283069,김홍선,감독,역모-반란의 시대
20125826,김홍선,감독,변신|반드시 잡는다|브로커|기술자들|공모자들
10028066,타파스 차크라바르티,감독,피터와 모글리의 크리스마스 어드벤처|정글북
20283069,김홍선,감독,역모-반란의 시대
20125826,김홍선,감독,변신|반드시 잡는다|브로커|기술자들|공모자들
10060606,장항준,감독,죽지않는 인간들의 밤|기억의 밤|끝까지 간다|전투의 매너|귀신이 산다|불어라 봄바람|라이터를 켜라|북경반점
20173470,벤자민 레너,감독,빅 배드 폭스|어네스트와 셀레스틴
20167741,김현호,감독,뽀로로 극장판 보물섬 대모험|뽀로로 극장판 공룡섬 대모험|뽀로로 극장판 컴퓨터 왕국 대모험|뽀로로 극장판 슈퍼썰매 대모험|뽀로로의 대모험|뽀로로 극장판 눈요정 마을 대모험
20113256,김현호,감독,봄|그녀를 사랑해줘요
20112237,요네바야시 히로마사,감독,메리와 마녀의 꽃|추억의 마니|마루 밑 아리에티
20281369,유영의,감독,산상수훈
10023510,마이클 쿠에스타,감독,어쌔신: 더 비기닝|킬 더 메신저|열두 살의 기억들|엘.아이.이
10090725,후쿠다 유이치,감독,은혼2: 규칙은 깨라고 있는 것|첫키스만 50번째 |은혼|변태 가면2: 잉여들의 역습|변태 가면
20167784,양우석,감독,정상회담|강철비|변호인
10019762,라이언 존슨,감독,나이브스 아웃|스타워즈: 라스트 제다이|루퍼|블룸 형제 사기단|브릭
10061166,저스틴 채드윅,감독,튤립 피버|만델라: 자유를 향한 머나먼 여정|퍼스트 그레이더|천일의 스캔들|보이
10034545,고로 사쿠라,감독,극장판 숲의 요정 페어리루 ~크리스마스의 기적: 마법의 날개~
20115572,김용화,감독,저격자 
10005151,김용화,감독,백두산|신과함께-인과 연|신과함께-죄와 벌|미스터 고|마이 웨이|국가대표 완결판-못 다한 이야기|국가대표|미녀는 괴로워|오! 브라더스|자반고등어
10014782,마이클 그레이시,감독,위대한 쇼맨
10053816,유야마 쿠니히코,감독,"극장판 포켓몬스터 뮤츠의 역습 EVOLUTION|극장판 포켓몬스터DP - 디아루가 VS 펄기아 VS 다크라이|극장판 포켓몬스터 너로 정했다!|루돌프와 많이있어|포켓몬 더 무비 XY&Z 「볼케니온 : 기계왕국의 비밀」|포켓몬 더 무비 XY 후파: 광륜의 초마신|극장판 포켓몬스터 XY : 파괴의 포켓몬과 디안시|극장판 포켓몬스터 베스트위시: 신의 속도 게노세크트, 뮤츠의 각성|극장판 포켓몬스터 베스트위시「큐레무 VS 성검사 케르디오」|극장판 포켓몬스터 베스트 위시 「비크티니와 흑의 영웅 제크로무」|극장판 포켓몬스터 베스트 위시「비크티니와 백의 영웅 레시라무」|극장판 포켓 몬스터 DP 「환영의 패왕 조로아크」|포켓 몬스터 DP: 아르세우스 초극의 시공으로|극장판 포켓 몬스터 DP - 기라티나와 하늘의 꽃다발 쉐이미|포켓몬 레인저와 바다의 왕자 마나피|포켓 몬스터 - 뮤와 하도의 용사 루카리오|포켓 몬스터 7 - 어드벤스 제네레이션 열공의 방문자 데오키시스|극장판 포켓몬스터 AG - 아름다운 소원의 별 지라치|포켓 몬스터 5 - 포켓몬스터 물의 도시의 수호신|포켓 몬스터 4|포켓 몬스터 3 : 결정탑의 제왕 엔테이|포켓 몬스터 2 : 포켓몽 2000|포켓몬스터 2 - 루기아의 탄생|포켓몬스터 - 뮤츠의 역습|극장판 요술공주 밍키: 꿈 속의 윤무|포켓몬스터 뮤츠 나는 여기에 있다|극장판 포켓몬스터 베스트위시「메로엣타의 반짝반짝 음악회」"
10089026,호거 태프,감독,몬스터 패밀리|빌리와 용감한 녀석들 3D|임피 원더랜드 가다|돼지코 아기공룡 임피의 모험|백 투 가야
10070977,짐 자무쉬,감독,데드 돈 다이|패터슨|김미 데인저|오직 사랑하는 이들만이 살아남는다|리미츠 오브 컨트롤|40X15 : 칸 감독주간 40년의 기록|브로큰 플라워|커피와 담배|텐 미니츠 트럼펫|고스트 독|데드 맨|지상의 밤|미스테리 트레인|다운 바이 로|천국보다 낯선|영원한 휴가
20241106,티모시 렉카트,감독,더 크리스마스|헤드 오버 힐즈|시카프 시선 - 영국국립영화학교
10060507,장준환,감독,"1987|화이: 괴물을 삼킨 아이|잉투기|감독들, 김기영을 말하다|지구를 지켜라|유령|나와 통하는 다음검색 : 털|2001 이매진|카멜리아"
10039215,스티븐 크보스키,감독,원더|월플라워
10026249,모리와키 마코토,감독,극장판 프리파라 모두의 동경♪ 렛츠고☆프리파리
10073548,카를로스 살다나,감독,"페르디난드|리오 2|사랑해, 리우|리오|아이스 에이지 3: 공룡시대|아이스 에이지 2|로봇(애니)|아이스 에이지"
10063819,제이크 캐스단,감독,쥬만지: 넥스트 레벨|쥬만지: 새로운 세계|S테이프|배드 티처|워크 하드: 듀이 콕스 스토리|오렌지 카운티|제로 이펙트
10019335,리 언크리치,감독,코코|토이 스토리 3|몬스터 주식회사|토이 스토리 2
10044581,알렉산더 페인,감독,다운사이징|네브라스카|디센던트|사이드웨이|어바웃 슈미트|일렉션|인사이드 아웃
20176100,신보 아키유키,감독,"쏘아올린 불꽃, 밑에서 볼까? 옆에서 볼까?|키즈모노가타리 III : 냉혈편|키즈모노가타리 II : 열혈편|키즈모노가타리 I : 철혈편|극장판 마법소녀 마도카 마기카(신편): 반역의 이야기|극장판 마법소녀 마도카 마기카(후편): 영원의 이야기|극장판 마법소녀 마도카 마기카(전편): 시작의 이야기"
20247049,미츠나카 스스무,감독,하이큐!! 콘셉트의 싸움|하이큐!! 재능과 센스|하이큐!! 승자와 패자|하이큐!! 끝과 시작|하이큐!! 땅 VS 하늘
10044699,웨스 볼,감독,메이즈 러너: 데스 큐어|메이즈 러너: 스코치 트라이얼|메이즈 러너
20174301,최성현,감독,협상|그것만이 내 세상|역린
10065000,조 라이트,감독,다키스트 아워|팬|안나 카레니나|한나|솔로이스트|어톤먼트|오만과 편견
10073849,카스텐 킬러리치,감독,신밧드와 마법 양탄자|리틀 뱀파이어|알버트|미운 오리 새끼의 모험
20292996,하시모토 히로유키,감독,레이드배커스|주문은 토끼입니까?? ~디어 마이 시스터~
10089413,홍기선,감독,1급기밀|이태원 살인사건|선택|가슴에 돋는 칼로 슬픔을 자르고|파랑새|수리세|세번째 시선
20289230,이성재,감독,비밥바룰라
20281871,이성재,감독,친구들|SIDOF2018_친구들/불편한영화제/도망치는 것은 비겁하지만 도움이 된다
20254052,이성재,감독,"볼더팅|울렁, 도|울렁도+하이&마이티+드날리+어크로스 더 스카이|울렁, 도+다크라이트+볼더팅+다큐 유어셀프+한계는 있다"
10059297,자움 콜렛 세라,감독,커뮤터|언더 워터|런 올 나이트|논스톱|골2 : 꿈을 향해 뛰어라
20267589,토마스 아스트뤽,감독,극장판 레이디버그: 미라클스톤의 비밀
10033522,애덤 로비텔,감독,이스케이프 룸|인시디어스4: 라스트 키|테이킹
10049814,연상호,감독,반도|염력|카이: 거울 호수의 전설|서울역|부산행|졸업반|창백한 얼굴들|화산고래|사이비|돼지의 왕|집으로|창|사랑은 단백질|지옥: 두개의 삶|지옥|콕!애니 - [섹션2] VIEW : 세상보기|연상호 감독 특별전 : 지옥의 시네마|7월 수요단편극장 “연상호 감독 특별전”|제14회 미쟝센 단편 영화제 웃는 게 웃는 게 아니야  |SICAF2015 연상호 단편선|애정만세|인디포럼2015 특별2
10055497,니콜라이 퓰시,감독,12 솔져스
10019469,리들리 스콧,감독,올 더 머니|에이리언: 커버넌트|마션|차일드 44|엑소더스: 신들과 왕들|카운슬러|스토커|프로메테우스|로빈 후드|바디 오브 라이즈|아메리칸 갱스터|어느 멋진 순간|킹덤 오브 헤븐|보이지 않는 아이들|매치스틱 맨|블랙 호크 다운|한니발|글래디에이터|지아이제인|화이트 스콜 |1492 콜럼버스|델마와 루이스 |블레이드 러너: 파이널 컷|에이리언즈 원 |에일리언: 감독판|결투자들
20300149,노엘 클리어리,감독,마야2
10024769,마틴 캠벨,감독,더 포리너|그린랜턴: 반지의 선택|엣지 오브 다크니스|007 카지노 로얄|레전드 오브 조로|머나먼 사랑|버티컬 리미트|마스크 오브 조로 |007 골든 아이 |압솔롬 탈출 
10004484,김석윤,감독,조선명탐정: 흡혈괴마의 비밀|조선명탐정 : 사라진 놉의 딸|조선명탐정 : 각시투구꽃의 비밀|올드미스다이어리
10083843,폴 킹,감독,패딩턴 2|패딩턴
10062979,야쿱 론스키,감독,겨울왕국의 무민
10085577,이라 카르페란,감독,겨울왕국의 무민
20251869,홍헌표,감독,터닝메카드W: 반다인의 비밀 특별판|터닝메카드W: 블랙미러의 부활
10065272,조근현,감독,"흥부: 글로 세상을 바꾼 자|번개맨|봄|26년|후궁 : 제왕의 첩|마이 웨이|두 여자|슬픔보다 더 슬픈 이야기|1724 기방난동사건|고고 70|가루지기|라듸오 데이즈|마이 파더|지금 사랑하는 사람과 살고 있습니까?|전설의 고향|허브|음란서생|형사 Duelist|천군|인어 공주|장화, 홍련|버스, 정류장"
20185181,라이언 쿠글러,감독,블랙 팬서|오스카 그랜트의 어떤 하루
20115431,야마모토 야스이치로,감독,명탐정 코난: 에피소드 원-작아진 명탐정|명탐정 코난 : 코난 실종사건 - 사상 최악의 이틀|명탐정 코난: 11번째 스트라이커|명탐정 코난: 천공의 난파선|명탐정 코난:전율의 악보|명탐정 코난:감벽의 관|명탐정 코난 : 탐정들의 진혼가 |명탐정 코난 : 수평선상의 음모|명탐정 코난:은빛 날개의 마술사
10007941,노동석,감독,골든슬럼버|집 나온 남자들|우리에게 내일은 없다|마이 제너레이션|험난한 인생|나무들이 봤어|초롱과 나
10064384,제임스 폴리,감독,50가지 그림자: 해방|50가지 그림자: 심연|퍼펙트 스트레인저|컨피던스|커럽터|체임버|글렌게리 글렌로스|아버지와 아들|레크레스 
10003461,기예르모 델 토로,감독,퍼시픽 림: 업라이징|셰이프 오브 워터: 사랑의 모양|크림슨 피크|퍼시픽 림|마마|헬보이 2 : 골든 아미|판의 미로 - 오필리아와 세 개의 열쇠|헬보이|블레이드 2|악마의 등뼈|미믹 |크로노스
20166405,토미 위르콜라,감독,월요일이 사라졌다|월요일이 사라졌다 무삭제판|데드 스노우 2|헨젤과 그레텔: 마녀 사냥꾼 3D|데드 스노우
10049578,등위봉,감독,반딧불이 딘딘
10058650,임순례,감독,"교섭|리틀 포레스트|글로리데이|제보자|남쪽으로 튀어|로맨스 조|소와 함께 여행하는 법|날아라 펭귄|우리 생애 최고의 순간|미소|와이키키 브라더스|아름다운 생존: 여성 영화인이 말하는 영화|세 친구|남자니까 아시잖아요?|그녀의 무게|우중산책|고양이 키스|미안해, 고마워|여섯 개의 시선"
10089901,홍창표,감독,카운트(가제)|궁합|순정|미안해 사랑해 고마워|조선미녀삼총사|배꼽|미인도|식객|사랑니|울랄라씨스터즈|킬러들의 수다
10039450,스티븐 스필버그,감독,"웨스트 사이드 스토리|쥬라기 월드: 폴른 킹덤|레디 플레이어 원|더 포스트|마이 리틀 자이언트|스파이 브릿지|링컨|워 호스|틴틴 : 유니콘호의 비밀|인디아나 존스 4 : 크리스탈 해골의 왕국|뮌헨|우주전쟁|터미널|캐치 미 이프 유 캔|마이너리티 리포트|E.T. : 탄생 20주년 기념작|A.I.|라이언 일병 구하기|아미스타드|쥬라기 공원 2 - 잃어버린 세계 |쉰들러 리스트|쥬라기 공원|후크|빽투더퓨처 3|8번가의 기적|인디아나 존스 : 최후의 성전|누가 로저래빗을 모함했나|공룡시대|태양의 제국|피라미드의 공포|컬러퍼플|인디아나 존스 - 마궁의 사원, 저주받은 사원 |환상특급|악령의 상자|이티|레이더스|1941|미지와의 조우|죠스|슈가랜드 특급"
10084230,프란시스 로렌스,감독,레드 스패로|헝거게임: 더 파이널|헝거게임: 모킹제이|헝거게임: 캣칭 파이어|워터 포 엘리펀트|나는 전설이다|콘스탄틴
20111176,신재호,감독,응징자2|게이트-완결판|게이트|대결|치외법권|따라지: 비열한 거리 무삭제판|따라지 : 비열한 거리|응징자|웨딩스캔들|서유기 리턴즈|4교시 추리영역|못말리는 결혼|내사랑 싸가지|유아독존|동감
20307570,신재호,감독,물체의 심리학에 대하여
20276449,신재호,감독,
10090988,히로키 류이치,감독,"마멀레이드 보이|그녀의 인생은 잘못이 없어|나미야 잡화점의 기적|늑대 소녀와 흑왕자|가부키초 러브호텔|노란 코끼리|괜찮아 3반|경멸: 에고이스트|4월의 신부|유어 프렌즈|뉴 타입 그저, 사랑을 위해|바쿠시, SM로프 마스터|나는 사랑했어|도발적 관계 : 엠|그녀의 은밀한 사랑일기|부드러운 생활|걸 프렌드|기관차 선생|낯설은 섹스 그리고 연인|바이브레이터|SM작가|동경 쓰레기 여자|우리들의 계절"
20166555,이창희,감독,사라진 밤|소굴|Keep Quiet|귀가|친구집
20170940,이창희,감독,위험 수위
20112353,조셉 코신스키,감독,탑건: 매버릭 |온리 더 브레이브|오블리비언|트론: 새로운 시작
20188058,션 베이커,감독,플로리다 프로젝트|탠저린|스타렛
10017533,로아 우타우,감독,툼레이더|더 웨이브|이스케이프 : 생존을 위한 탈출|프릿 빌트
20280830,이장훈,감독,지금 만나러 갑니다
10005652,김제영,감독,"치즈인더트랩|날, 보러와요|미쓰 와이프|밤의 여왕|원더풀 라디오|방울토마토|예의없는 것들|동행"
10039429,스티븐 소더버그,감독,로건 럭키|쇼를 사랑한 남자|사이드 이펙트|매직 마이크|케빈에 대하여|헤이와이어|컨테이젼|인포먼트|걸프렌드 익스피어리언스|체 게바라: 2부 게릴라|체 게바라: 1부 아르헨티나|체|오션스 써틴|굿 저먼|버블|에로스|오션스 트웰브|솔라리스|풀 프론탈|오션스 일레븐|트래픽|에린 브로코비치|라이미|조지클루니의 표적|카프카 |섹스 거짓말 그리고 비디오테이프
10018221,롭 코헨,감독,허리케인 하이스트|보이 넥스트 도어|알렉스 크로스|미이라 3:황제의 무덤|스텔스|트리플 엑스|분노의 질주|스컬스|데이라잇|드래곤 하트 |드래곤|전선위의 참새|악마군단|런닝맨
10024695,마틴 맥도나,감독,쓰리 빌보드|세븐 싸이코패스|킬러들의 도시
10047529,스티븐 S. 드나이트,감독,퍼시픽 림: 업라이징
20112542,전고운,감독,"보희와 녹양|한강에게|소공녀|범죄의 여왕|굿바이 싱글|돌연변이|족구왕|전국노래자랑|1999, 면회|배드신|내게 사랑은 너무 써|페르소나|인디스데이 10월 단편"
20186877,이영준,감독,극장판 미니특공대: 공룡왕 디노 |미니특공대X|파워배틀 와치카: 와치가면의 역습|부릉! 부릉! 브루미즈: 스피더의 모험 일기|파워배틀 와치카 미니카 배틀리그: 불꽃의 질주|최강전사 미니특공대: 영웅의 탄생|최강전사 미니특공대 : 새로운 악당의 습격|뽀로로 극장판 슈퍼썰매 대모험
10018860,루카 구아다니노,감독,서스페리아|콜 미 바이 유어 네임|비거 스플래쉬|베르톨루치가 말하는 베르톨루치 |아이 엠 러브|멜리사 P.|스테거링 걸
10072983,추창민,감독,"7년의 밤|광해, 왕이 된 남자|그대를 사랑합니다|사랑을 놓치다|마파도|행복한 장의사|사월의 끝"
10039450,스티븐 스필버그,감독,"웨스트 사이드 스토리|쥬라기 월드: 폴른 킹덤|레디 플레이어 원|더 포스트|마이 리틀 자이언트|스파이 브릿지|링컨|워 호스|틴틴 : 유니콘호의 비밀|인디아나 존스 4 : 크리스탈 해골의 왕국|뮌헨|우주전쟁|터미널|캐치 미 이프 유 캔|마이너리티 리포트|E.T. : 탄생 20주년 기념작|A.I.|라이언 일병 구하기|아미스타드|쥬라기 공원 2 - 잃어버린 세계 |쉰들러 리스트|쥬라기 공원|후크|빽투더퓨처 3|8번가의 기적|인디아나 존스 : 최후의 성전|누가 로저래빗을 모함했나|공룡시대|태양의 제국|피라미드의 공포|컬러퍼플|인디아나 존스 - 마궁의 사원, 저주받은 사원 |환상특급|악령의 상자|이티|레이더스|1941|미지와의 조우|죠스|슈가랜드 특급"
10061758,정범식,감독,천문: 하늘에 묻는다|공포체험단 곤지암편|곤지암|워킹걸|미쓰GO|외톨이|기담|무서운 이야기 2|무서운 이야기|무서운 이야기 2 '탈출'|무서운 이야기 '해와 달'
20265286,가스 데이비스,감독,막달라 마리아: 부활의 증인|라이언
20125862,이병헌,감독,"드림(가제)|극한직업|레슬러|바람 바람 바람|스물|오늘의 연애|타짜-신의 손|힘내세요, 병헌씨|네버엔딩 스토리|써니|과속스캔들|냄새는 난다"
20302149,방수인,감독,"덕구|반두비|뷰티풀 선데이|왕의 남자|달마야, 서울 가자|패밀리|워싱 머신"
20302509,김지열,감독,번개맨과 신비의 섬
20113558,김지열,감독,블루스맨
20303229,이가라시 타쿠야,감독,문호 스트레이독스 [데드 애플]
10032200,브래드 페이튼,감독,램페이지|인카네이트|샌 안드레아스|잃어버린 세계를 찾아서 2: 신비의 섬|캣츠 앤 독스 2|귀여운 좀비 이블린
20331332,김지영,감독,철공실
20324612,김지영,감독,물가
20302876,김지영,감독,"그날, 바다|철공실: 눈 앞에서 일어나지 않는 어떤 일들에 대하여"
20238387,허준형,감독,머니백
10040004,아론 우들리,감독,스파키|완전범죄: 키드냅
20315335,애론 우들리,감독,스파키
20178069,이한욱,감독,나를 기억해|숨바꼭질
10058023,이한욱,감독,부초|대탈출|제76 포로수용소|대탈출
20175349,다비드 알로,감독,정글번치: 최강 악당의 등장|스파이크|정글번치 : 빙산으로의 귀환|스파이크2
20302389,박대원,감독,무문관
10038345,스콧 쿠퍼,감독,몬태나|아웃 오브 더 퍼니스|크레이지 하트
20233786,이동은,감독,니나 내나|당신의 부탁|환절기
10043421,안소니 루소,감독,21 브릿지: 테러 셧다운 |어벤져스: 엔드게임|어벤져스: 인피니티 워|캡틴 아메리카: 시빌 워|캡틴 아메리카: 윈터 솔져|허니문크래셔|웰컴 투 콜린우드
10065016,조 루소,감독,21 브릿지: 테러 셧다운 |어벤져스: 엔드게임|어벤져스: 인피니티 워|캡틴 아메리카: 시빌 워|캡틴 아메리카: 윈터 솔져|허니문크래셔|웰컴 투 콜린우드
10050618,니테쉬 티와리,감독,당갈
10005905,김진묵,감독,살인소설|타짜|작업의 정석|새드무비|Oh! 뷰리플 라이프
20170403,라스무스 A. 실버르센,감독,고릴라와 슈퍼레이스|아기곰 보보 구출 대작전|배저로와 친구들: 신비한 모험|꼬마영웅 경찰차 프로디2|솔란과 루드빅의 화이트 크리스마스 대소동|꼬마영웅 경찰차 프로디
10089497,홍상수,감독,"도망친 여자|강변호텔|풀잎들|그 후|클레어의 카메라|밤의 해변에서 혼자|당신자신과 당신의 것|지금은맞고그때는틀리다|자유의 언덕|우리 선희|누구의 딸도 아닌 해원|토니 레인즈의 한국영화 25년|다른나라에서|북촌방향|옥희의 영화|하하하|잘 알지도 못하면서|밤과 낮|나의 사랑, 나의 영화|해변의 여인|극장전|한국 영화의 르네상스|여자는 남자의 미래다|생활의 발견|오! 수정|강원도의 힘|돼지가 우물에 빠진 날|리스트|첩첩산중|10월 단편 상상극장-홍상수 단편선|베니스 70 : 미래 재장전|어떤 방문 : 디지털 삼인삼색2009"
10036017,세르지오 맨피오,감독,레오나르도 다 빈치|윈드랜드
10026645,조이 주,감독,매직빈
10035926,세드릭 클래피쉬,감독,"부르고뉴, 와인에서 찾은 인생|사랑을 부르는, 파리|사랑은 타이밍|불순한 제안|스페니쉬 아파트먼트|아마도"
20169834,필립 립스키,감독,커다랗고 커다랗고 커다란 배|로날 더 바바리언
20149783,요르겐 레르담,감독,커다랗고 커다랗고 커다란 배|니코: 산타비행단의 모험
10008990,닉 파크,감독,얼리맨|월래스와 그로밋 : 거대토끼의 저주|치킨 런|월레스와 그로밋 : 걸작선|웰레스 앤 그로밋
10080333,토드 헤인즈,감독,다크 워터스 |원더스트럭|캐롤|40X15 : 칸 감독주간 40년의 기록|아임 낫 데어|파 프롬 헤븐|벨벳 골드마인|세이프|포이즌
10020677,릭 로먼 워,감독,엔젤 해즈 폴른|샷 콜러|스니치|펠론|인 더 섀도우|비상탈출 
20287367,김대웅,감독,레슬러
20166707,김대웅,감독,괜찮아요 |월세와 보증금|잠 못 드는 밤 비는 내리고
10029715,발레리 페리스,감독,빌리 진 킹: 세기의 대결|루비 스팍스|미스 리틀 선샤인
10065314,조나단 데이턴,감독,빌리 진 킹: 세기의 대결|루비 스팍스|미스 리틀 선샤인
20112371,이시하라 타츠야,감독,중2병이라도 사랑이 하고 싶어! 테이크 온 미|극장판 울려라! 유포니엄|중2병이라도 사랑이 하고 싶어! 극장판|스즈미야 하루히의 소실
10002176,구스 반 산트,감독,돈 워리|씨 오브 트리스|로렌스 애니웨이|프라미스드 랜드 |레스트리스|밀크|그들 각자의 영화관|파라노이드 파크|라스트 데이즈|엘리펀트|제리|파인딩 포레스터|싸이코|굿 윌 헌팅|투 다이 포 |리버 피닉스의 아이다호|말라 노체|아이다호
20128310,야누스 메츠,감독,보리 vs 매켄로|아르마딜로
10052944,윌 글럭,감독,피터 래빗|애니 |프렌즈 위드 베네핏|이지 A|파이어드 업!
10040147,사준의,감독,"안녕, 나의 소녀"
10011719,데이빗 레이치,감독,분노의 질주: 홉스&쇼|데드풀 2: 순한맛|데드풀 2|얼티밋 배틀|아토믹 블론드|존 윅: 특별판|존 윅
20302749,박기복,감독,임을 위한 행진곡
10028501,박기복,감독,"영매-산자와 죽은자의 화해|2424|강아지, 죽는다|우리는 전사가 아니다|이상한 나라의 데자뷰"
10057659,이창동,감독,"생일|버닝|싱글라이더|우리들|도희야|화이: 괴물을 삼킨 아이|토니 레인즈의 한국영화 25년|시|여행자|나의 사랑, 나의 영화|밀양|두 번째 사랑|한국 영화의 르네상스|오아시스|박하사탕|초록물고기|아름다운 청년 전태일|그 섬에 가고 싶다"
20169636,시미즈 준지,감독,마징가 Z: 인피니티|토리코 : 출발! 구르메 어드벤처!!|원피스 극장판 9기: 에피소드 오브 쵸파
20303829,장영주,감독,5.18 힌츠페터 스토리
20187185,닐 나이팅게일,감독,다이노 헌터: 티렉스VS파키리노 대격돌|다이노소어 어드벤처 : 백악기 공룡대백과|다이노소어 어드벤처 3D
10030925,베리 쿡,감독,다이노 헌터: 티렉스VS파키리노 대격돌|다이노소어 어드벤처 : 백악기 공룡대백과|다이노소어 어드벤처 3D|아더 크리스마스|뮬란
10045983,앤드류 코헨,감독,다이노 헌터: 티렉스VS파키리노 대격돌|다이노소어 어드벤처 : 백악기 공룡대백과
10058049,이해영,감독,독전: 익스텐디드 컷|독전|경성학교: 사라진 소녀들|26년|페스티발|천하장사 마돈나|아라한 장풍대작전|안녕! 유에프오|품행제로|신라의 달밤|커밍 아웃
10064682,제프 와드로,감독,트루스 오어 데어|킥 애스 2 : 겁없는 녀석들|겟 썸|크라이 울프
10018065,론 하워드,감독,파바로티|한 솔로: 스타워즈 스토리|비틀스: 에잇 데이즈 어 위크 – 투어링 이어즈|인페르노|하트 오브 더 씨|러시 : 더 라이벌|딜레마|천사와 악마|프로스트 VS 닉슨|다빈치 코드|신데렐라맨|텔 뎀 후 유 알|실종|뷰티풀 마인드|그린치|생방송 에드TV |랜섬 |아폴로 13 |파 앤드 어웨이|분노의 역류|윌로우|겅호|코쿤|스프래쉬
10025038,매니 에르난데스,감독,위 베어 베어스: 베이비 베어스|극장판 위 베어 베어스: 곰 브라더스
20303810,이조훈,감독,서산개척단|잘 되길 바라
20189538,정승현,감독,서산개척단|은아|가족|일어나|CaFF 단편경쟁 1|경쟁19 섹션10|제13회 미쟝센 단편영화제 비정성시4
20126649,올리비에르 나카체,감독,"세라비, 이것이 인생!|웰컴, 삼바|언터처블: 1%의 우정|뗄르망 프로쉬"
20126650,에릭 토레다노,감독,"세라비, 이것이 인생!|웰컴, 삼바|언터처블: 1%의 우정|뗄르망 프로쉬"
20283049,고경민,감독,데자뷰
20166259,고경민,감독,이카루스
10031108,벤 루윈,감독,"더 캐쳐 워즈 어 스파이|스탠바이, 웬디|세션 : 이 남자가 사랑하는 법   |럭키브레이크 "
20301631,지안밍 후앙,감독,꼬마영웅 바비
10074862,캐서린 비글로우,감독,디트로이트|제로 다크 서티|허트 로커|K-19|웨이트 오브 워터|스트레인지 데이즈 |마틴 스콜세지와의 영화 여행|폭풍속으로|죽음의 키스
10090538,후안 안토니오 바요나,감독,쥬라기 월드: 폴른 킹덤|몬스터 콜|더 임파서블|오퍼나지 - 비밀의 계단
10053816,유야마 쿠니히코,감독,"극장판 포켓몬스터 뮤츠의 역습 EVOLUTION|극장판 포켓몬스터DP - 디아루가 VS 펄기아 VS 다크라이|극장판 포켓몬스터 너로 정했다!|루돌프와 많이있어|포켓몬 더 무비 XY&Z 「볼케니온 : 기계왕국의 비밀」|포켓몬 더 무비 XY 후파: 광륜의 초마신|극장판 포켓몬스터 XY : 파괴의 포켓몬과 디안시|극장판 포켓몬스터 베스트위시: 신의 속도 게노세크트, 뮤츠의 각성|극장판 포켓몬스터 베스트위시「큐레무 VS 성검사 케르디오」|극장판 포켓몬스터 베스트 위시 「비크티니와 흑의 영웅 제크로무」|극장판 포켓몬스터 베스트 위시「비크티니와 백의 영웅 레시라무」|극장판 포켓 몬스터 DP 「환영의 패왕 조로아크」|포켓 몬스터 DP: 아르세우스 초극의 시공으로|극장판 포켓 몬스터 DP - 기라티나와 하늘의 꽃다발 쉐이미|포켓몬 레인저와 바다의 왕자 마나피|포켓 몬스터 - 뮤와 하도의 용사 루카리오|포켓 몬스터 7 - 어드벤스 제네레이션 열공의 방문자 데오키시스|극장판 포켓몬스터 AG - 아름다운 소원의 별 지라치|포켓 몬스터 5 - 포켓몬스터 물의 도시의 수호신|포켓 몬스터 4|포켓 몬스터 3 : 결정탑의 제왕 엔테이|포켓 몬스터 2 : 포켓몽 2000|포켓몬스터 2 - 루기아의 탄생|포켓몬스터 - 뮤츠의 역습|극장판 요술공주 밍키: 꿈 속의 윤무|포켓몬스터 뮤츠 나는 여기에 있다|극장판 포켓몬스터 베스트위시「메로엣타의 반짝반짝 음악회」"
10044019,딩 스,감독,벅스 프렌즈
20121551,카와마타 히로시,감독,호비와 매직 아일랜드|아니메의 미래|듀공과 바다로
10009906,히로 타카시마,감독,호비와 매직 아일랜드
10021926,아리 애스터,감독,미드소마 감독판|미드소마|유전
10001139,게리 로스,감독,오션스8|프리 스테이트|헝거게임: 판엠의 불꽃|씨비스킷|플레전트빌 |데이브|빅
10056602,이언희,감독,탐정: 리턴즈|미씽: 사라진 여자|타이밍|어깨 너머의 연인|해피 에로 크리스마스|...ing|고양이를 부탁해
20172322,토마스 보덴스타인,감독,토니스토리2: 고철왕국의 친구들|토니 스토리: 깡통제국의 비밀|문빔베어: 달을 사랑한 작은 곰
10023973,마커스 하먼,감독,토니스토리2: 고철왕국의 친구들
10041121,아녜스 바르다,감독,"아녜스가 말하는 바르다|바르다가 사랑한 얼굴들|여기저기의 아녜스 바르다 Ep4~5 |여기저기의 아녜스 바르다 Ep1~3|아녜스의 해변|이데사, 곰, 그리고 기타 등등|이삭 줍는 사람들과 나...2년 후|영혼의 창|이삭줍는 사람들과 나|시몽 시네마의 101일 밤|낭트의 자코|아무도 모르게|아녜스 V에 의한 제인 B|방랑자|벽, 벽들|노래하는 여자, 노래하지 않는 여자|다게레오타입|라이온의 사랑|창조물들|행복|5시부터 7시까지의 클레오|라 푸앵트 쿠르트로의 여행|율리시즈|안녕, 쿠바인들|오페라 무페 거리|시네바르다포토"
20261690,제이알,감독,바르다가 사랑한 얼굴들|섬 엘리스|제3회 가톨릭영화제 초이스 단편 
20113175,이경섭,감독,여중생A|미성년|어둠에서 빛이 흘러나오는 소리|축지법과 비행술|여보세요|8월 수요단편극장 “신스틸러의 단편”|2016 대단한단편영화제-단편 경쟁 섹션 2|SESIFF2016 경쟁2 먹고사는 백만가지 방법|2015 우수 단편영화 상영 01
10036658,칸 울카이,감독,아일라
20128650,스콧 스피어,감독,위시업|미드나잇 선|아이 스틸 씨 유|스텝업4 : 레볼루션
10047074,양종현,감독,더 펜션|킬 미|개집이 있던 자리 |그들의추억
10019097,류장하,감독,뷰티플 마인드|더 펜션|순정만화|꽃피는 봄이 오면|봄날은 간다|8월의 크리스마스|산부인과|사랑의 技術(기술) |사랑의 기술
10052685,웨스 앤더슨,감독,개들의 섬|히치콕 트뤼포|그랜드 부다페스트 호텔|베리만 통과하기|문라이즈 킹덤 |판타스틱 Mr. 폭스|다즐링 주식회사|스티브 지소와의 해저 생활|로얄 테넌바움|빌 머레이의 맥스군 사랑에 빠지다|바틀 로켓
20305789,카말 반살,감독,유니콘 원정대: 비밀의 다이어리
10029578,박훈정,감독,낙원의 밤|마녀|브이아이피|대호|신세계|혈투|부당거래|악마를 보았다
10027774,민규동,감독,"허스토리|당신, 거기 있어줄래요|간신|내 아내의 모든 것|세상에서 가장 아름다운 이별|김종욱 찾기|끝과 시작|키친|서양 골동 양과자점 앤티크|열세살 수아|내 생애 가장 아름다운 일주일|이공|여고괴담 두번째 이야기|비밀과 거짓말 |창백한푸른점 |열일곱|허스토리|무서운 이야기 3 : 화성에서 온 소녀|제15회 미쟝센 단편영화제 김태용 단편 특별전 1|무서운 이야기 2|무서운 이야기|무서운 이야기2'444'"
10059196,헤 질리,감독,빅샤크: 매직체인지|오션스: 문어구출대작전|꼬마잠수함 올리
10038588,스테파노 솔리마,감독,시카리오: 데이 오브 솔다도|수부라 게이트
10083194,페이튼 리드,감독,앤트맨과 와스프|앤트맨|예스맨|브레이크 업 : 이별후애(愛)|다운 위드 러브|브링잇온
10057485,이준익,감독,"자산어보|썬키스 패밀리|변산|박열|대배우|동주|그날의 분위기|사도|소원|봄날의 입맞춤|평양성|구르믈 버서난 달처럼|님은 먼 곳에|궁녀|즐거운 인생|라디오 스타|도마뱀|왕의 남자|달마야, 서울 가자|황산벌|달마야 놀자|공포택시|아나키스트|키드캅"
10068138,알트욤 루키체프,감독,드래곤 프린세스
10017517,로슨 마샬 터버,감독,스카이스크래퍼|위 아 더 밀러스|피츠버그의 미스터리|피구의 제왕
20112234,타케우치 히데키,감독,"오늘 밤, 로맨스 극장에서|테르마이 로마이|노다메 칸타빌레 최종악장|노다메 칸타빌레 Vol.1 |노다메 칸타빌레"
10065698,요르고스 란티모스,감독,더 페이버릿: 여왕의 여자|킬링 디어|더 랍스터|송곳니|송곳니 감독판|내 가장 친한 친구
10039948,시멘 알스빅,감독,꼬마 보트 토토: 타요 타요 배 타요
10072304,최상훈,감독,속닥속닥|하숙집|울언니|백프로|나는 행복합니다|아주 특별한 손님|마음이...
10032042,브래드 버드,감독,인크레더블 2|투모로우랜드|미션임파서블:고스트프로토콜|라따뚜이|인크레더블|아이언 자이언트|심슨 가족
20224392,드류 피어스,감독,호텔 아르테미스|마블원샷: 올 헤일 더 킹
10058049,이해영,감독,독전: 익스텐디드 컷|독전|경성학교: 사라진 소녀들|26년|페스티발|천하장사 마돈나|아라한 장풍대작전|안녕! 유에프오|품행제로|신라의 달밤|커밍 아웃
10041237,오카다 마리,감독,이별의 아침에 약속의 꽃을 장식하자
10025841,마이클 메이슨,감독,신은 죽지 않았다 3: 어둠 속의 빛
10077515,크리스토퍼 맥쿼리,감독,미션 임파서블: 폴아웃|미션 임파서블: 로그네이션|잭 리처|웨이 오브 더 건|유주얼 서스펙트
10004265,김병갑,감독,신비아파트: 금빛 도깨비와 비밀의 동굴|마당을 나온 암탉|쩨쩨한 로맨스|마법천자문: 대마왕의 부활을 막아라|아치와 씨팍|왕후 심청
10005852,김지운,감독,"인랑|밀정|라스트 스탠드|악마를 보았다|악마를 보았다 감독판|좋은 놈, 나쁜 놈, 이상한 놈 |좋은 놈, 나쁜 놈, 이상한 놈(칸버전)|감독들, 김기영을 말하다|달콤한 인생|장화, 홍련|쓰리|쓰리 메모리즈|반칙왕|커밍 아웃|조용한 가족|더 엑스|사랑의 가위바위보|선물|사랑의 힘|제13회 미쟝센 단편영화제 김지운 단편 특별전1|제13회 미쟝센 단편영화제 김지운 단편 특별전2|제13회 미쟝센 단편영화제 김지운 감독 마스터클래스|인류멸망 보고서|인류 멸망 보고서 '천상의 피조물' "
10085389,필립 귀엔,감독,해적왕 작스톰
20070799,고레에다 히로카즈,감독,파비안느에 관한 진실|어느 가족|세 번째 살인|태풍이 지나가고|바닷마을 다이어리|그렇게 아버지가 된다|엔딩노트|진짜로 일어날지도 몰라 기적|공기인형|걸어도 걸어도|하나|아무도 모른다|디스턴스|원더풀 라이프|환상의 빛|그러나... 복지를 버리는 시대로|또 하나의 교육
20115572,김용화,감독,저격자 
10005151,김용화,감독,백두산|신과함께-인과 연|신과함께-죄와 벌|미스터 고|마이 웨이|국가대표 완결판-못 다한 이야기|국가대표|미녀는 괴로워|오! 브라더스|자반고등어
20306533,최신규,감독,극장판 헬로카봇 : 달나라를 구해줘!|극장판 헬로카봇: 옴파로스 섬의 비밀|극장판 공룡메카드: 타이니소어의 섬|극장판 헬로카봇 : 백악기 시대|헬로 카봇
10018399,루벤 외스틀룬드,감독,더 스퀘어|포스 마쥬어: 화이트 베케이션|분별없는 행동
10051071,올 파커,감독,맘마미아!2|나우이즈굿 |베스트 엑조틱 메리골드 호텔|이매진 미 앤 유
10054495,윤종빈,감독,돈|공작|춘몽|검사외전|허삼관|군도: 민란의 시대|범죄와의 전쟁: 나쁜놈들 전성시대|비스티 보이즈|용서받지 못한 자
10001386,젠디 타타코브스키,감독,몬스터 호텔 3|몬스터 호텔 2|몬스터 호텔
10021027,타치카와 유즈루,감독,명탐정 코난 : 제로의 집행인
20100022,존 터틀타웁,감독,쿨 러닝 |닌자 키드
10068421,존 터틀타웁,감독,메가로돈|라스트베가스|마법사의 제자|내셔널 트레져:비밀의 책|내셔널 트레져|키드|인스팅트 |페노메논 |당신이 잠든 사이에 
10065265,조규장,감독,목격자|그날의 분위기|낙타는 말했다|봉수
10055319,이마이 카즈아키,감독,극장판 도라에몽: 진구의 보물섬
10000046,아르니 올라푸르 아스게이르손,감독,플로이
10086171,수잔나 포겔,감독,나를 차버린 스파이
10055945,이석근,감독,너의 결혼식|부라더|범죄도시|누가 예수를 죽였는가?
10085782,피터 버그,감독,마일22|패트리어트 데이|딥워터 호라이즌|론 서바이버 |배틀쉽|핸콕|킹덤|프라이데이 나잇 라이트|웰컴 투 더 정글|코르키 로마노|베리배드씽|기적의 터치다운|질주|영혼의 목걸이
10011005,아니쉬 차간티,감독,서치
10031397,변혁,감독,상류사회|주홍글씨|서프라이즈|인터뷰|올슨|His Concern|어머니의 여름|호모 비디오쿠스
10029772,발타자르 코루마쿠르,감독,어드리프트:우리가 함께한 바다|오스|에베레스트|투건스|콘트라밴드|살인의 기억|천국으로 가는 초라한 여행|폭풍의 계절|보이지 않는 세계|성난 바다|레이캬비크|버림받은 천사들|분열|아그네스의 원죄 
10038539,갈리나 미클리노바,감독,양말요정 휴고의 대모험
10088447,허종호,감독,물괴|성난 변호사|카운트다운|눈부신 날에|얼굴값|승부
10037886,쉐인 블랙,감독,더 프레데터|나이스 가이즈|언럭키맨|아이언맨 3|키스 키스 뱅뱅|롱 키스 굿나잇 
10085422,리양우,감독,바니부기: 드래곤 에그를 찾아서
10026921,미겔 앙헬 비바스,감독,더 게스트|최후의 인류|키드넵 : 한밤의 침입자
10023950,마츠타니 미츠에,감독,타샤 튜더
20113602,김의석,감독,죄 많은 소녀|곡성|오명|구해줘! |오늘은 내가 요리사| 제17회 대구단편영화제 경쟁8
10005382,김의석,감독,"청풍명월(淸風明月)|이공|북경반점|올가미|홀리데이 인 서울|투캅스 2|총잡이|그 여자, 그 남자|결혼이야기|아제아제 바라아제|키위새의 겨울|섰다|창수의 취업시대"
10076618,코린 하디,감독,더 넌
20114792,이종석,감독,협상|그것만이 내 세상|히말라야|국제시장|더 킥|리턴
10029586,박희곤,감독,명당|챔피언|퍼펙트 게임|인사동 스캔들|아 유 레디?
10003620,김광식,감독,안시성|찌라시: 위험한 소문|내 깡패 같은 애인|오프 로드|오아시스|얼굴|억수탕(3pm Paradise)|비천괴수
20309473,정미화,감독,극장판 뽀잉: 슈퍼 변신의 비밀
10052360,울프강 라우엔슈타인,감독,루이스
10086268,크리스토프 라우엔슈타인,감독,루이스
20171642,우시로 신지,감독,극장판 요괴워치 섀도사이드: 도깨비왕의 부활|극장판 요괴워치: 하늘을 나는 고래와 더블세계다냥!|극장판 요괴워치: 탄생의 비밀이다냥!|스트레이트 재킷
10012798,도미닉 쿡,감독,체실 비치에서
10080742,닛타 노리오,감독,에그엔젤 코코밍: 두근두근 핼러윈 파티|극장판 에그엔젤 코코밍: 푸르밍과 두근두근 코코밍 세계
10066770,조원희,감독,원더풀 고스트|죽이고 싶은|애니 프란체스카
10006086,김태균,감독,"암수살인|봄, 눈|써클|세이예스|신장개업|닥터 K|억수탕(3pm Paradise)|반짝반짝 두근두근|2015 GSFF 배우 특별전: 김수안 |[PDFF2015] 장애인미디어운동1 + 한국영화초청3"
20274249,김태균,감독,월척
20267935,김태균,감독,영화를 만드는 사람|화인|시인|애니 교복 입는 데이
10006085,김태균,감독,"연애담|연애의 발동 : 상해 여자, 부산 남자|가시|잉투기|맨발의 꿈|피안도|크로싱|백만장자의 첫사랑|늑대의 유혹|이공|화산고|키스할까요|박봉곤 가출사건|남자는 괴로워|나의 사랑, 나의 신부|아임 오케이|편의점2시|3인 3색 러브스토리 : 사랑즐감"
20120723,루벤 플레셔,감독,좀비랜드: 더블 탭|베놈|갱스터 스쿼드|털기 아니면 죽기 : 제한시간 30분|좀비랜드
10024440,마크 포스터,감독,곰돌이 푸 다시 만나 행복해|월드 워 Z|머신건 프리처 감독판|머신건 프리처|007 퀀텀 오브 솔러스|연을 쫓는 아이|스트레인저 댄 픽션|스테이|네버랜드를 찾아서|몬스터 볼
10068082,존 스티븐슨,감독,모차르트: 프라하의 서곡|모래요정과 아이들|애니멀 팜
10068081,존 스티븐슨,감독,셜록 놈즈|쿵푸 팬더
10007225,나카자와 쇼지로,감독,극장판 가면라이더 이그제이드: 트루 엔딩|극장판 파워레인저: 닌자포스 VS 트레인포스 닌자 인 원더랜드|가면라이더 위자드 인 매직랜드|극장판 THE 도라에몽즈 - 이상한 과자 왕국
20173321,야마다 나오코,감독,리즈와 파랑새|목소리의 형태|타마코 러브 스토리|케이온
10044124,마이크 데블린,감독,다이노 어드벤처: 에일리언 월드|다이노 어드벤처2: 육해공 공룡 대백과|다이노 어드벤처: 뉴 자이언트|다이노 어드벤처: 육해공 킬러 엘리트
10023193,마이클 수지,감독,에브리데이|서약|그레이 가든스
10028369,조나단 베이커,감독,킨: 더 비기닝|인컨시버블
10007668,조쉬 베이커,감독,킨: 더 비기닝
10009698,데이미언 셔젤,감독,퍼스트맨|라라랜드|위플래쉬
10056329,이시다 히로야스,감독,펭귄 하이웨이|태양소년 이슬소녀|비오는 마을|후미코의 고백|이시다 히로야스 X 아라이 요지로 특별전
20305089,박진영,감독,배반의 장미
10086194,올리버 달리,감독,액슬
20128773,김성훈,감독,창궐|공조|마이 리틀 히어로
10074505,칼 멘데스,감독,윌리
10068277,존 추,감독,인 더 하이츠|크레이지 리치 아시안|나우 유 씨 미 2|지.아이.조 2|저스틴 비버 : 네버 세이 네버|스텝 업 3D|스텝업 2 : 더 스트리트
20111735,이재규,감독,완벽한 타인|역린|인플루언스
10046021,앤드류 하얏트,감독,바울
10031865,브라이언 싱어,감독,보헤미안 랩소디|엑스맨: 아포칼립스|엑스맨: 데이즈 오브 퓨처 패스트|잭 더 자이언트 킬러|작전명 발키리|수퍼맨 리턴즈|엑스맨 2|엑스맨|죽음보다 무서운 비밀|유주얼 서스펙트
10058386,일라이 로스,감독,쿠엔틴 타란티노 8|벽 속에 숨은 마법시계|데스 위시|그린 인페르노|노크 노크|애프터쇼크|그라인드 하우스|호스텔 2|호스텔|캐빈 피버
10011631,데이빗 고든 그린,감독,할로윈|스트롱거|맹글혼|조|프린스 아발란체|더 시터|유어 하이니스|파인애플 익스프레스|스노우 엔젤스|올 더 리얼 걸스|언더토우|조지 워싱턴
20311030,오오모리 타카히로,감독,나츠메 우인장: 세상과 연을 맺다
20311109,이토 히데키,감독,나츠메 우인장: 세상과 연을 맺다
10021049,리처드 라니,감독,캡틴 스터비
10045012,아리 산델,감독,구스범스: 몬스터의 역습|퀸카가 아니어도 좋아|와일드 웨스트 코미디 쇼
10058831,임진순,감독,동네사람들|슈퍼스타|해적 디스코왕 되다|일월영측|원격조정
10024774,마틴 코틱,감독,박물관이 진짜 살아있다
10048638,이나 예블라니코바,감독,박물관이 진짜 살아있다|스페이스 독 2|스페이스 독
20157236,유영선,감독,여곡성|마녀|동면의 소녀|마녀+동면의 소녀
20125835,유영선,감독,밀크보이즈|어둠의 저편(가제)
20100014,데이빗 예이츠,감독,신비한 동물들과 그린델왈드의 범죄|신비한 동물사전|레전드 오브 타잔|해리포터와 죽음의 성물2|해리 포터와 죽음의 성물1|해리 포터와 혼혈 왕자|해리 포터와 불사조 기사단|카페의 소녀
20311772,박준수,감독,브링 더 소울 : 더 무비|번 더 스테이지: 더 무비
20311469,우시지마 신이치로,감독,너의 췌장을 먹고 싶어
10025466,막심 볼코브,감독,로빈슨의 언더워터 어드벤처|매직울프
20309609,김정환,감독,해피 투게더
20304809,김민호,감독,성난황소
10013865,라세 할스트롬,감독,호두까기 인형과 4개의 왕국|베일리 어게인|로맨틱 레시피|세이프 헤이븐|최면 전문의|사막에서 연어낚시|디어 존|하치 이야기|혹스: 욕망의 법칙|카사노바|언피니쉬드 라이프|쉬핑 뉴스|초콜릿|사이더 하우스|줄리아 로버츠의 사랑게임|길버트 그레이프|아바
10025282,루카스 퀴아오,감독,꼬마비행기 피티와 친구들:사막구출 대작전|펭이와 친구들의 남극대모험
10063620,제이슨 라이트맨,감독,"고스트버스터즈 라이즈|툴리|멘, 우먼 & 칠드런|레이버 데이|영 어덜트|인 디 에어|주노|흡연, 감사합니다"
10070285,허버트 베일란드,감독,캡틴 샤키|리틀드래곤 코코넛
10072117,최국희,감독,"인생은 아름다워(가제)|국가부도의 날|스플릿|8월의 일요일들|극장전|그날 밤의 축제|삶은 전진하고|청춘, 외대앞|블루 디코딩"
20178840,페드 알바레즈,감독,거미줄에 걸린 소녀|맨 인 더 다크|이블 데드
10009928,오토 바서스트,감독,후드
10032981,빅터 아즈에프,감독,투 프렌즈
10051181,크리스찬 리버스,감독,모털 엔진
10054516,윤준상,감독,런닝맨 : 풀룰루의 역습|초혼
10054870,이권,감독,도어락|타이밍|내 연애의 기억|어깨 너머의 연인|꽃미남 연쇄 테러 사건|서프라이즈|고양이를 부탁해|겁쟁이들이 더 흉폭하다
10013865,라세 할스트롬,감독,호두까기 인형과 4개의 왕국|베일리 어게인|로맨틱 레시피|세이프 헤이븐|최면 전문의|사막에서 연어낚시|디어 존|하치 이야기|혹스: 욕망의 법칙|카사노바|언피니쉬드 라이프|쉬핑 뉴스|초콜릿|사이더 하우스|줄리아 로버츠의 사랑게임|길버트 그레이프|아바
10065132,조 존스톤,감독,호두까기 인형과 4개의 왕국|퍼스트 어벤져|울프맨|히달고|쥬라기 공원 3|옥토버 스카이|쥬만지 |페이지 마스터 |인간 로켓티어|애들이 줄었어요
20311974,강유선,감독,번개맨의 비밀
10023306,도노반 마시,감독,헌터 킬러
10062679,밥 퍼시케티,감독,스파이더맨: 뉴 유니버스
20125575,피터 램지,감독,스파이더맨: 뉴 유니버스|가디언즈
10071263,로드니 로스맨,감독,스파이더맨: 뉴 유니버스
10000184,임효겸,감독,모어 댄 블루
10083870,폴 페이그,감독,라스트 크리스마스|부탁 하나만 들어줘|고스트버스터즈|스파이|더 히트|내 여자친구의 결혼식|성탄절 전야의 공항 대소동|아이 엠 데이빗
10062703,제니퍼 웨스트콧,감독,엘리엇과 산타 썰매단
10000946,강형철,감독,스윙키즈|타짜-신의 손|써니 감독판|써니|과속스캔들
20111283,우민호,감독,남산의 부장들|마약왕|내부자들: 디 오리지널|내부자들|간첩|파괴된 사나이|누가 예수를 죽였는가?
10064265,제임스 완,감독,아쿠아맨|애나벨 : 인형의 주인|컨저링 2|분노의 질주: 더 세븐|인시디어스: 두번째 집|컨저링|인시디어스|데드 사일런스|쏘우
20114371,타카하시 와타루,감독,극장판 짱구는 못말려: 아뵤! 쿵후 보이즈 ~라면 대란~|짱구는 못말려 극장판: 폭풍수면! 꿈꾸는 세계 대돌격|짱구는 못말려 극장판 : 정면승부! 로봇아빠의 역습|극장판 아따맘마3D : 엄마는 초능력자
10050389,야지마 테츠오,감독,극장판 포켓몬스터 모두의 이야기
20245489,트래비스 나이트,감독,범블비|쿠보와 전설의 악기
20312035,한상호,감독,점박이 한반도의 공룡2 : 새로운 낙원|점박이:한반도의 공룡3D
10004291,김병우,감독,PMC: 더 벙커|더 테러 라이브|리튼|아나모픽
