,movieNm,holidayCount
0,셜록: 유령신부,0
1,포인트 브레이크,0
2,짱구는 못말려 극장판: 나의 이사 이야기 선인장 대습격,0
3,굿 다이노,0
4,나를 잊지 말아요,0
5,유스,0
6,헤이트풀8,0
7,잡아야 산다,0
8,레버넌트: 죽음에서 돌아온 자,4
9,구스범스,4
10,그날의 분위기,4
11,오빠생각,4
12,극장판 꼬마버스 타요의 에이스 구출작전,4
13,빅쇼트,4
14,스티브 잡스,4
15,"로봇, 소리",4
16,쿵푸팬더3,4
17,세기의 매치,4
18,검사외전,1
19,최강전사 미니특공대: 영웅의 탄생,0
20,캐롤,0
21,앨빈과 슈퍼밴드: 악동 어드벤처,0
22,나쁜놈은 죽는다,0
23,드레스메이커,0
24,극장판 아이엠스타 : 꿈의 오디션!,0
25,번개맨,0
26,주토피아,0
27,좋아해줘,0
28,데드풀,0
29,동주,0
30,대니쉬 걸,0
31,빌리와 용감한 녀석들: 치킨 히어로,0
32,스포트라이트,0
33,귀향,0
34,순정,0
35,레터스 투 갓,0
36,제 5침공,0
37,남과 여,0
38,13시간,0
39,룸,0
40,갓 오브 이집트,0
41,널 기다리며,0
42,런던 해즈 폴른,0
43,엽문3: 최후의 대결,0
44,조이,0
45,일사각오,1
46,부활,1
47,스푹스:MI5,1
48,오 마이 그랜파,1
49,배트맨 대 슈퍼맨: 저스티스의 시작,1
50,글로리데이,1
51,"헤일, 시저!",1
52,대배우,1
53,나의 그리스식 웨딩 2,1
54,포레스트: 죽음의 숲,1
55,마음이 외치고 싶어해,1
56,미스컨덕트,1
57,"날, 보러와요",1
58,클로버필드 10번지,1
59,독수리 에디,1
60,33,1
61,트럼보,1
62,라스트 홈,1
63,해어화,2
64,시간이탈자,2
65,헌츠맨: 윈터스 워,2
66,극장판 프랭키와 친구들: 생명의 나무,2
67,4등,2
68,트리플 9,3
69,브루클린,3
70,파라노말 액티비티: 더 고스트 디멘션,3
71,위대한 소원,3
72,캡틴 아메리카: 시빌 워,3
73,태양 아래,3
74,시크릿 인 데어 아이즈,3
75,탐정 홍길동: 사라진 마을,1
76,매직브러시,1
77,다이노소어 어드벤처 : 백악기 공룡대백과,1
78,극장판 안녕 자두야,1
79,다이노X 탐험대,1
80,45년 후,1
81,나의 소녀시대,1
82,곡성,1
83,엽기적인 그녀 2,1
84,다이버전트 시리즈: 얼리전트,1
85,계춘할망,2
86,싱 스트리트,2
87,앵그리버드 더 무비,2
88,하드코어 헨리,2
89,동급생,2
90,몽키킹2: 서유기 여정의 시작,2
91,엑스맨: 아포칼립스,2
92,오베라는 남자,2
93,썸니아,2
94,아가씨,1
95,미 비포 유,1
96,무서운 이야기 3 : 화성에서 온 소녀,1
97,더 보이,1
98,바다 탐험대 옥토넛 시즌4: 아슬아슬 구조대작전,1
99,플래그 더 문,1
100,워크래프트: 전쟁의 서막,0
101,컨저링 2,0
102,정글북,0
103,본 투 비 블루,0
104,극장판 유희왕 더 다크 사이드 오브 디멘션즈,0
105,특별수사: 사형수의 편지,0
106,닌자터틀 : 어둠의 히어로,0
107,불의 전차,0
108,인디펜던스 데이 : 리써전스,0
109,크리미널,0
110,비밀은 없다,0
111,굿바이 싱글,0
112,사냥,0
113,레전드 오브 타잔,0
114,도리를 찾아서,0
115,봉이 김선달,0
116,잔예 - 살아서는 안되는 방,0
117,나우 유 씨 미 2,0
118,언더 워터,0
119,데몰리션,0
120,트릭,0
121,더 웨이브,0
122,나의 산티아고,0
123,부산행,1
124,아이스 에이지: 지구 대충돌,1
125,극장판 요괴워치: 염라대왕과 5개의 이야기다냥!,1
126,인천상륙작전,1
127,태풍이 지나가고,1
128,제이슨 본,1
129,빅,1
130,수어사이드 스쿼드,1
131,마이펫의 이중생활,1
132,덕혜옹주,1
133,명탐정 코난: 순흑의 악몽,1
134,국가대표 2,0
135,터널,0
136,슈퍼 프렌즈,0
137,마이 리틀 자이언트,0
138,킹 오브 프리즘,0
139,서울역,1
140,갤럭시 히어로즈: 라쳇 앤 클랭크,1
141,스타트렉 비욘드,1
142,파워배틀 와치카 미니카 배틀리그: 불꽃의 질주,1
143,라이트 아웃,3
144,플로렌스,3
145,고스트버스터즈,3
146,올레,3
147,메카닉: 리크루트,3
148,머니 몬스터,3
149,이퀄스,3
150,거울나라의 앨리스,4
151,"고산자, 대동여지도",4
152,밀정,4
153,로빈슨 크루소,4
154,장난감이 살아있다,4
155,달빛궁궐,4
156,드림 쏭,2
157,매그니피센트 7,2
158,벤허,2
159,카페 소사이어티,2
160,아이엠스타 뮤직어워드,2
161,아이 엠 어 히어로,2
162,대결,2
163,뉴 스텝업: 어반댄스,2
164,브리짓 존스의 베이비,1
165,설리: 허드슨강의 기적,1
166,미스 페레그린과 이상한 아이들의 집,1
167,아수라,1
168,피터와 드래곤,1
169,바다 탐험대 옥토넛 시즌4: 늪지탐험선K,1
170,립반윙클의 신부,1
171,백설공주 : 사라진 아빠를 찾아서,1
172,돈 맛,1
173,맨 인 더 다크,0
174,디시에르토,0
175,죽여주는 여자,0
176,그물,0
177,럭키,0
178,자백,0
179,바스티유 데이,0
180,어카운턴트,0
181,극장판 프리파라 모두 모여라! 프리즘☆투어즈,0
182,토마스와 친구들: 용감한 기관차와 괴물소동,0
183,인페르노,0
184,미스터 캣,0
185,걷기왕,0
186,키즈모노가타리 II : 열혈편,0
187,"무현, 두 도시 이야기",0
188,닥터 스트레인지,0
189,혼숨,0
190,쿠보와 전설의 악기,0
191,선생님의 일기,0
192,극장판 파워레인저: 닌자포스 VS 트레인포스 닌자 인 원더랜드,0
193,로스트 인 더스트,0
194,인어공주 : 새로운 모험의 시작,0
195,무한대를 본 남자,0
196,스플릿,0
197,위자: 저주의 시작,0
198,세상에서 고양이가 사라진다면,0
199,감바의 대모험,0
200,당신자신과 당신의 것,0
201,바후발리 : 더 비기닝,0
202,신비한 동물사전,0
203,가려진 시간,0
204,하이큐!! 끝과 시작,0
205,카페 6,0
206,순종,0
207,드래곤 네스트: 평화 기사단 VS 블랙 드래곤,0
208,연애담,0
209,형,0
210,블레어 위치,0
211,미스 사이공 : 25주년 특별 공연,0
212,리틀메딕: 몸속탐험대,0
213,테일 오브 테일즈,0
214,잭 리처: 네버 고 백,1
215,두 남자,1
216,미씽: 사라진 여자,1
217,도성풍운 3,1
218,언더월드: 블러드 워,1
219,캡틴 판타스틱,1
220,신밧드 더 무비,1
221,라라랜드,2
222,판도라,2
223,아기배달부 스토크,2
224,"나, 다니엘 블레이크",2
225,원피스 필름 골드,2
226,커튼콜,2
227,호비와 동화나라 대모험,2
228,"당신, 거기 있어줄래요",2
229,목숨 건 연애,2
230,스노우타임,2
231,마스터,1
232,씽,1
233,극장판 도라에몽: 신 진구의 버스 오브 재팬,1
234,포켓몬 더 무비 XY&Z 「볼케니온 : 기계왕국의 비밀」,1
235,에곤 쉴레: 욕망이 그린 그림,1
236,로그 원: 스타워즈 스토리,0
237,루돌프와 많이있어,0
238,하이큐!! 승자와 패자,0
239,너의 이름은,3
240,눈의 여왕 3: 눈과 불의 마법대결,3
241,사랑하기 때문에,3
242,패신저스,3
243,여교사,3
244,어쌔신 크리드,3
245,얼라이드,3
246,반지의 제왕 : 반지원정대 (확장판),3
247,모아나,3
248,7년-그들이 없는 언론,3
249,반지의 제왕 : 두개의 탑 (확장판),3
250,공조,3
251,터닝메카드W: 블랙미러의 부활,3
252,더 킹,3
253,단지 세상의 끝,3
254,짱구는 못말려 극장판: 폭풍수면! 꿈꾸는 세계 대돌격,0
255,딥워터 호라이즌,0
256,레지던트 이블: 파멸의 날,0
257,반지의 제왕 : 왕의 귀환 (확장판),0
258,매기스 플랜,0
259,바다 탐험대 옥토넛 시즌4: 바다 괴물 대소동,0
260,라이언,0
261,뚜르: 내 생애 최고의 49일,0
262,컨택트,0
263,트리플 엑스 리턴즈,0
264,명탐정 코난: 에피소드 원-작아진 명탐정,0
265,50가지 그림자: 심연,0
266,조작된 도시,0
267,발레리나,0
268,레고 배트맨 무비,0
269,그레이트 월,0
270,재심,0
271,더 큐어,0
272,"그래, 가족",0
273,트롤,0
274,마이펫 오지,0
275,23 아이덴티티,0
276,존 윅 - 리로드,0
277,문라이트,0
278,핵소 고지,0
279,루시드 드림,0
280,싱글라이더,0
281,극장판 소드 아트 온라인 -오디널 스케일-,0
282,사일런스,0
283,로건,0
284,눈길,0
285,해빙,0
286,콩: 스컬 아일랜드,0
287,파도가 지나간 자리,0
288,걸 온 더 트레인,0
289,미녀와 야수,0
290,비정규직 특수요원,0
291,스페이스 비트윈 어스,0
292,골드,0
293,아우토반,0
294,히든 피겨스,0
295,프리즌,0
296,보통사람,0
297,밤의 해변에서 혼자,0
298,극장판 암살교실 : 365일의 시간,0
299,아기돼지 3형제와 매직램프,0
300,개구리왕국 2,0
301,공각기동대 : 고스트 인 더 쉘,0
302,원라인,0
303,데스노트: 더 뉴 월드,0
304,미스 슬로운,0
305,분노,0
306,어느날,1
307,라이프,1
308,시간위의 집,1
309,패트리어트 데이,1
310,링스,1
311,슈퍼 버드,1
312,아빠는 딸,2
313,분노의 질주: 더 익스트림,2
314,흑집사 북 오브 더 아틀란틱,2
315,지니어스,2
316,리틀 프린세스 소피아: 엘레나와 비밀의 아발로 왕국,2
317,극장판 어드벤처 타임: 비밀의 아일랜드,2
318,오두막,2
319,파워레인져스: 더 비기닝,2
320,더 플랜,2
321,파운더,2
322,콜로설,2
323,마리안느와 마가렛,2
324,암살교실: 졸업편,2
325,임금님의 사건수첩,2
326,"서서평, 천천히 평온하게",2
327,특별시민,2
328,나는 부정한다,2
329,극장판 또봇: 로봇군단의 습격,1
330,극장판 쿠로코의 농구 라스트 게임,1
331,스머프: 비밀의 숲,1
332,보안관,0
333,보스 베이비,0
334,가디언즈 오브 갤럭시 VOL 2,0
335,슈퍼 빼꼼: 스파이 대작전,0
336,언노운 걸,0
337,오즈의 마법사 2,0
338,석조저택 살인사건,1
339,에이리언: 커버넌트,1
340,목소리의 형태,1
341,길,1
342,겟 아웃,2
343,불한당: 나쁜 놈들의 세상,2
344,킹 아서: 제왕의 검,2
345,로스트 인 파리,2
346,캐리비안의 해적: 죽은 자는 말이 없다,2
347,노무현입니다,2
348,너와 100번째 사랑,2
349,대립군,1
350,원더 우먼,1
351,7번째 내가 죽던 날,1
352,꿈의 제인,1
353,베이블레이드 버스트 갓 : 갓 발키리의 탄생,1
354,바다 탐험대 옥토넛 시즌4: 더 파이널,1
355,파워배틀 와치카: 와치가면의 역습,1
356,미이라,1
357,악녀,0
358,용순,0
359,심야식당 2,0
360,킹 오브 프리즘 - 프라이드 더 히어로,0
361,하루,0
362,엘르,0
363,꼬마돼지 베이브의 대모험,0
364,나의 붉은고래,0
365,꼬마참새 리차드: 아프리카 원정대,0
366,트랜스포머: 최후의 기사,0
367,다크 하우스,0
368,언더더씨,0
369,더 서클,0
370,박열,0
371,리얼,0
372,지랄발광 17세,0
373,옥자,0
374,부니베어: 로거빅 컴백홈 프로젝트,0
375,토마스와 친구들: 수수께끼 해적선과 보물찾기,0
376,스파이더맨: 홈 커밍,0
377,그 후,0
378,베를린 신드롬,0
379,플립,0
380,내 사랑,0
381,카3: 새로운 도전,0
382,예수는 역사다,0
383,47 미터,1
384,내가 죽기 전에 가장 듣고 싶은 말,1
385,덩케르크,1
386,극장판 짱구는 못말려 : 습격!! 외계인 덩덩이,1
387,오즈: 신기한 마법가루,1
388,위시 어폰,1
389,슈퍼배드 3,1
390,군함도,1
391,송 투 송,1
392,택시운전사,1
393,명탐정 코난:진홍의 연가,1
394,이모티: 더 무비,1
395,파리로 가는 길,1
396,청년경찰,0
397,빅풋 주니어,0
398,애나벨 : 인형의 주인,0
399,극장판 도라에몽: 진구의 남극 꽁꽁 대모험,0
400,혹성탈출: 종의 전쟁,0
401,드래곤 스펠: 마법 꽃의 비밀,0
402,공범자들,0
403,장산범,0
404,다크타워: 희망의 탑,0
405,브이아이피,0
406,더 테이블,0
407,극장판 위 베어 베어스: 곰 브라더스,0
408,발레리안: 천 개 행성의 도시,0
409,로마의 휴일,0
410,킬러의 보디가드,0
411,아토믹 블론드,0
412,김광석,0
413,살인자의 기억법,2
414,그것,2
415,매혹당한 사람들,2
416,저수지 게임,3
417,극장판 에그엔젤 코코밍: 푸르밍과 두근두근 코코밍 세계,3
418,몬스터 섬의 비밀,3
419,베이비 드라이버,5
420,아메리칸 메이드,5
421,"좋아해, 너를",5
422,몬스터 콜,5
423,윈드 리버,5
424,인비저블 게스트,5
425,아이 캔 스피크,5
426,잃어버린 도시 Z,5
427,킹스맨: 골든 서클,4
428,극장판 요괴워치: 하늘을 나는 고래와 더블세계다냥!,4
429,우리의 20세기,4
430,다시 태어나도 우리,4
431,레고 닌자고 무비,3
432,리틀 프린세스 소피아 : 신비한 섬,3
433,범죄도시,0
434,남한산성,0
435,넛잡 2,0
436,매직울프,0
437,딥,0
438,어메이징 메리,0
439,희생부활자,0
440,블레이드 러너 2049,0
441,"나는 내일, 어제의 너와 만난다",0
442,나의 엔젤,0
443,주키퍼스 와이프,0
444,대장 김창수,0
445,지오스톰,0
446,마더!,0
447,노 게임 노 라이프 -제로-,0
448,잠깐만 회사 좀 관두고 올게,0
449,너의 췌장을 먹고 싶어_20171024,0
450,토르: 라그나로크,0
451,유리정원,0
452,뷰티풀 투모로우,0
453,배저로와 친구들: 신비한 모험,0
454,직쏘,0
455,침묵,0
456,부라더,0
457,메소드,0
458,배드 지니어스,0
459,내게 남은 사랑을,0
460,신서유기 : 몽키킹의 부활,0
461,해피 데스데이,0
462,러빙 빈센트,0
463,채비,0
464,미옥,0
465,극장판 파워레인저: 애니멀포스 VS 닌자포스 미래에서 온 메시지,0
466,리빙보이 인 뉴욕,0
467,7호실,0
468,저스티스 리그,0
469,하이큐!! 재능과 센스,0
470,페이트 스테이 나이트 헤븐즈필 제1장 프레시지 플라워,0
471,꾼,0
472,키드냅,0
473,래빗 스쿨,0
474,역모-반란의 시대,0
475,피터와 모글리의 크리스마스 어드벤처,0
476,반드시 잡는다,1
477,오리엔트 특급 살인,1
478,기억의 밤,1
479,빅 배드 폭스,1
480,뽀로로 극장판 공룡섬 대모험,2
481,메리와 마녀의 꽃,2
482,산상수훈,2
483,어쌔신: 더 비기닝,2
484,은혼,2
485,강철비,2
486,스타워즈: 라스트 제다이,2
487,튤립 피버,2
488,극장판 숲의 요정 페어리루 ~크리스마스의 기적: 마법의 날개~,2
489,신과함께-죄와 벌,1
490,위대한 쇼맨,1
491,극장판 포켓몬스터 너로 정했다!,1
492,몬스터 패밀리,1
493,패터슨,1
494,더 크리스마스,1
495,1987,0
496,원더,0
497,극장판 프리파라 모두의 동경♪ 렛츠고☆프리파리,0
498,페르디난드,0
499,쥬만지: 새로운 세계,0
500,코코,0
501,다운사이징,0
502,"쏘아올린 불꽃, 밑에서 볼까? 옆에서 볼까?",0
503,하이큐!! 콘셉트의 싸움,0
504,메이즈 러너: 데스 큐어,0
505,그것만이 내 세상,0
506,다키스트 아워,0
507,젝스키스 에이틴,1
508,리틀 뱀파이어,1
509,주문은 토끼입니까 ~Dear my sister~,1
510,1급기밀,3
511,비밥바룰라,3
512,커뮤터,3
513,극장판 레이디버그: 미라클스톤의 비밀,3
514,인시디어스4: 라스트 키,3
515,염력,3
516,12 솔져스,3
517,올 더 머니,3
518,마야2,3
519,더 포리너,3
520,조선명탐정: 흡혈괴마의 비밀,3
521,패딩턴 2,3
522,겨울왕국의 무민,3
523,터닝메카드W: 반다인의 비밀 특별판,3
524,흥부: 글로 세상을 바꾼 자,0
525,블랙 팬서,0
526,명탐정 코난:감벽의 관,0
527,골든슬럼버,0
528,50가지 그림자: 해방,0
529,셰이프 오브 워터: 사랑의 모양,0
530,월요일이 사라졌다,0
531,반딧불이 딘딘,0
532,리틀 포레스트,0
533,궁합,0
534,더 포스트,0
535,레드 스패로,0
536,게이트,0
537,나미야 잡화점의 기적,0
538,사라진 밤,0
539,온리 더 브레이브,0
540,플로리다 프로젝트,0
541,툼레이더,0
542,지금 만나러 갑니다,0
543,치즈인더트랩,0
544,로건 럭키,0
545,허리케인 하이스트,0
546,쓰리 빌보드,0
547,퍼시픽 림: 업라이징,0
548,소공녀,0
549,미니특공대X,0
550,콜 미 바이 유어 네임,0
551,7년의 밤,0
552,레디 플레이어 원,0
553,곤지암,0
554,막달라 마리아: 부활의 증인,0
555,레이디 버드,0
556,바람 바람 바람,0
557,덕구,0
558,번개맨과 신비의 섬,0
559,문호 스트레이독스 [데드 애플],0
560,램페이지,2
561,"그날, 바다",2
562,머니백,2
563,콰이어트 플레이스,2
564,스파키,2
565,달링,2
566,나를 기억해,2
567,정글번치: 최강 악당의 등장,2
568,크리미널 스쿼드,2
569,무문관,2
570,몬태나,2
571,당신의 부탁,2
572,어벤져스: 인피니티 워,3
573,당갈,3
574,살인소설,3
575,아기곰 보보 구출 대작전,3
576,클레어의 카메라,3
577,레오나르도 다 빈치,3
578,챔피언,1
579,매직빈,1
580,"부르고뉴, 와인에서 찾은 인생",1
581,커다랗고 커다랗고 커다란 배,1
582,얼리맨,1
583,원더스트럭,1
584,샷 콜러,1
585,레슬러,2
586,루비 스팍스,2
587,중2병이라도 사랑이 하고 싶어! 테이크 온 미,2
588,씨 오브 트리스,2
589,보리 vs 매켄로,2
590,피터 래빗,2
591,"안녕, 나의 소녀",2
592,데드풀 2,2
593,임을 위한 행진곡,2
594,버닝,2
595,마징가 Z: 인피니티,2
596,5.18 힌츠페터 스토리,2
597,다이노 헌터: 티렉스VS파키리노 대격돌,2
598,독전,2
599,트루스 오어 데어,2
600,한 솔로: 스타워즈 스토리,2
601,위 베어 베어스: 베이비 베어스,2
602,서산개척단,2
603,"세라비, 이것이 인생!",2
604,데자뷰,2
605,"스탠바이, 웬디",2
606,꼬마영웅 바비,2
607,디트로이트,1
608,아이 필 프리티,1
609,쥬라기 월드: 폴른 킹덤,1
610,극장판 포켓몬스터DP - 디아루가 VS 펄기아 VS 다크라이,1
611,벅스 프렌즈,1
612,호비와 매직 아일랜드,1
613,유전,0
614,오션스8,0
615,탐정: 리턴즈,0
616,토니스토리2: 고철왕국의 친구들,0
617,바르다가 사랑한 얼굴들,0
618,류이치 사카모토: 코다,0
619,여중생A,0
620,아일라,0
621,미드나잇 선,0
622,더 펜션,0
623,개들의 섬,0
624,유니콘 원정대: 비밀의 다이어리,0
625,마녀,0
626,허스토리,0
627,빅샤크: 매직체인지,0
628,시카리오: 데이 오브 솔다도,0
629,앤트맨과 와스프,0
630,변산,0
631,드래곤 프린세스,0
632,스카이스크래퍼,0
633,"오늘 밤, 로맨스 극장에서",0
634,킬링 디어,0
635,꼬마 보트 토토: 타요 타요 배 타요,0
636,속닥속닥,0
637,인크레더블 2,0
638,호텔 아르테미스,0
639,이별의 아침에 약속의 꽃을 장식하자,1
640,신은 죽지 않았다 3: 어둠 속의 빛,1
641,미션 임파서블: 폴아웃,1
642,신비아파트: 금빛 도깨비와 비밀의 동굴,1
643,인랑,1
644,해적왕 작스톰,1
645,어느 가족,1
646,신과함께-인과 연,1
647,극장판 헬로카봇 : 백악기 시대,1
648,더 스퀘어,1
649,맘마미아!2,1
650,공작,1
651,몬스터 호텔 3,1
652,명탐정 코난 : 제로의 집행인,1
653,메가로돈,0
654,목격자,0
655,극장판 도라에몽: 진구의 보물섬,0
656,플로이,0
657,나를 차버린 스파이,0
658,너의 결혼식,0
659,마일22,0
660,서치,4
661,상류사회,4
662,업그레이드,5
663,어드리프트:우리가 함께한 바다,5
664,양말요정 휴고의 대모험,5
665,물괴,6
666,더 프레데터,6
667,바니부기: 드래곤 에그를 찾아서,6
668,더 게스트,6
669,타샤 튜더,6
670,죄 많은 소녀,6
671,더 넌,3
672,협상,3
673,명당,3
674,안시성,3
675,극장판 뽀잉: 슈퍼 변신의 비밀,2
676,루이스,2
677,극장판 요괴워치 섀도사이드: 도깨비왕의 부활,2
678,체실 비치에서,2
679,에그엔젤 코코밍: 두근두근 핼러윈 파티,2
680,원더풀 고스트,2
681,파이널 포트레이트,1
682,암수살인,0
683,베놈,0
684,곰돌이 푸 다시 만나 행복해,0
685,셜록 놈즈,0
686,스타 이즈 본,0
687,극장판 가면라이더 이그제이드: 트루 엔딩,0
688,리즈와 파랑새,0
689,다이노 어드벤처2: 육해공 공룡 대백과,0
690,노크: 초대받지 않은 손님,0
691,미쓰백,0
692,에브리데이,0
693,킨: 더 비기닝,0
694,퍼스트맨,0
695,펭귄 하이웨이,0
696,배반의 장미,0
697,액슬,0
698,창궐,0
699,윌리,0
700,크레이지 리치 아시안,0
701,완벽한 타인,0
702,바울,0
703,보헤미안 랩소디,0
704,벽 속에 숨은 마법시계,0
705,할로윈,0
706,나츠메 우인장: 세상과 연을 맺다,0
707,폴란드로 간 아이들,0
708,캡틴 스터비,0
709,구스범스: 몬스터의 역습,0
710,동네사람들,0
711,알리바이 닷 컴,0
712,박물관이 진짜 살아있다,0
713,여곡성,0
714,신비한 동물들과 그린델왈드의 범죄,0
715,출국,0
716,번 더 스테이지: 더 무비,0
717,너의 췌장을 먹고 싶어_20186822,0
718,로빈슨의 언더워터 어드벤처,0
719,해피 투게더,0
720,성난황소,0
721,베일리 어게인,0
722,꼬마비행기 피티와 친구들:사막구출 대작전,0
723,툴리,0
724,캡틴 샤키,0
725,국가부도의 날,1
726,거미줄에 걸린 소녀,1
727,후드,1
728,투 프렌즈,1
729,모털 엔진,1
730,런닝맨 : 풀룰루의 역습,1
731,도어락,1
732,호두까기 인형과 4개의 왕국,1
733,번개맨의 비밀,1
734,헌터 킬러,1
735,트와이스랜드,1
736,스파이더맨: 뉴 유니버스,1
737,모어 댄 블루,1
738,부탁 하나만 들어줘,1
739,엘리엇과 산타 썰매단,1
740,스윙키즈,0
741,마약왕,0
742,아쿠아맨,0
743,그린치,0
744,극장판 짱구는 못말려: 아뵤! 쿵후 보이즈 ~라면 대란~,0
745,극장판 포켓몬스터 모두의 이야기,0
746,범블비,0
747,점박이 한반도의 공룡2 : 새로운 낙원,0
748,PMC: 더 벙커,0
