movieNm,actors
셜록: 유령신부,베네딕트 컴버배치
셜록: 유령신부,마틴 프리먼
포인트 브레이크,루크 브레시
포인트 브레이크,에드가 라미레즈
포인트 브레이크,테레사 팔머
짱구는 못말려 극장판: 나의 이사 이야기 선인장 대습격,박영남
짱구는 못말려 극장판: 나의 이사 이야기 선인장 대습격,김환진
짱구는 못말려 극장판: 나의 이사 이야기 선인장 대습격,강희선
짱구는 못말려 극장판: 나의 이사 이야기 선인장 대습격,여민정
짱구는 못말려 극장판: 나의 이사 이야기 선인장 대습격,야지마 아키코
짱구는 못말려 극장판: 나의 이사 이야기 선인장 대습격,나라하시 미키
짱구는 못말려 극장판: 나의 이사 이야기 선인장 대습격,후지와라 케이지
짱구는 못말려 극장판: 나의 이사 이야기 선인장 대습격,코오로기 사토미
굿 다이노,레이몬드 오초아
굿 다이노,잭 브라이트
나를 잊지 말아요,정우성
나를 잊지 말아요,김하늘
유스,마이클 케인
유스,하비 케이틀
유스,레이첼 와이즈
유스,폴 다노
유스,제인 폰다
헤이트풀8,사무엘 L. 잭슨
헤이트풀8,커트 러셀
헤이트풀8,제니퍼 제이슨 리
헤이트풀8,월튼 고긴스
헤이트풀8,데미안 비쉬어
헤이트풀8,팀 로스
헤이트풀8,마이클 매드슨
헤이트풀8,브루스 던
헤이트풀8,채닝 테이텀
잡아야 산다,김승우
잡아야 산다,김정태
레버넌트: 죽음에서 돌아온 자,레오나르도 디카프리오
레버넌트: 죽음에서 돌아온 자,톰 하디
구스범스,웬디 맥렌던 커비
구스범스,매디슨 아이즈먼
구스범스,크리스 파넬
구스범스,켄 정
그날의 분위기,문채원
그날의 분위기,유연석
오빠생각,임시완
오빠생각,정준원
오빠생각,이레
오빠생각,고아성
오빠생각,이희준
극장판 꼬마버스 타요의 에이스 구출작전,문남숙
극장판 꼬마버스 타요의 에이스 구출작전,정혜옥
극장판 꼬마버스 타요의 에이스 구출작전,최하나
극장판 꼬마버스 타요의 에이스 구출작전,김영선
빅쇼트,크리스찬 베일
빅쇼트,스티브 카렐
빅쇼트,라이언 고슬링
빅쇼트,브래드 피트
스티브 잡스,마이클 패스벤더
스티브 잡스,케이트 윈슬렛
스티브 잡스,세스 로건
"로봇, 소리",이성민
"로봇, 소리",이희준
"로봇, 소리",이하늬
"로봇, 소리",김원해
"로봇, 소리",채수빈
"로봇, 소리",전혜진
"로봇, 소리",심은경
쿵푸팬더3,잭 블랙
쿵푸팬더3,안젤리나 졸리
쿵푸팬더3,더스틴 호프만
세기의 매치,토비 맥과이어
세기의 매치,리브 슈라이버
세기의 매치,피터 사스가드
검사외전,황정민
검사외전,강동원
최강전사 미니특공대: 영웅의 탄생,None
캐롤,케이트 블란쳇
캐롤,루니 마라
앨빈과 슈퍼밴드: 악동 어드벤처,저스틴 롱
앨빈과 슈퍼밴드: 악동 어드벤처,제이슨 리
앨빈과 슈퍼밴드: 악동 어드벤처,매튜 그레이 구블러
앨빈과 슈퍼밴드: 악동 어드벤처,제시 맥카트니
나쁜놈은 죽는다,손예진
나쁜놈은 죽는다,진백림
드레스메이커,케이트 윈슬렛
드레스메이커,주디 데이비스
드레스메이커,리암 헴스워스
드레스메이커,휴고 위빙
극장판 아이엠스타 : 꿈의 오디션!,정혜원
극장판 아이엠스타 : 꿈의 오디션!,이용신
극장판 아이엠스타 : 꿈의 오디션!,김채하
극장판 아이엠스타 : 꿈의 오디션!,소연
극장판 아이엠스타 : 꿈의 오디션!,여윤미
극장판 아이엠스타 : 꿈의 오디션!,모로호시 스미레
극장판 아이엠스타 : 꿈의 오디션!,타도코로 아즈사
극장판 아이엠스타 : 꿈의 오디션!,오오하시 아야카
번개맨,서홍석
번개맨,유수호
주토피아,지니퍼 굿윈
주토피아,제이슨 베이트먼
좋아해줘,이미연
좋아해줘,최지우
좋아해줘,김주혁
좋아해줘,유아인
좋아해줘,강하늘
좋아해줘,이솜
데드풀,라이언 레이놀즈
데드풀,프레드 세비지
데드풀,조슈 브롤린
데드풀,재지 비츠
데드풀,모레나 바카린
데드풀,줄리안 데니슨
동주,강하늘
동주,박정민
대니쉬 걸,에디 레드메인
대니쉬 걸,알리시아 비칸데르
빌리와 용감한 녀석들: 치킨 히어로,이재범
빌리와 용감한 녀석들: 치킨 히어로,김혜성
빌리와 용감한 녀석들: 치킨 히어로,이경태
빌리와 용감한 녀석들: 치킨 히어로,브루노 비처
빌리와 용감한 녀석들: 치킨 히어로,안젤리카 베일
빌리와 용감한 녀석들: 치킨 히어로,오마르 차파로
스포트라이트,마이클 키튼
스포트라이트,마크 러팔로
스포트라이트,레이첼 맥아담스
귀향,박지희
귀향,강하나
귀향,서미지
귀향,홍세나
귀향,김시은
귀향,남상지
귀향,최리
귀향,정무성
귀향,김민수
귀향,류신
귀향,임성철
귀향,이승현
귀향,오지혜
귀향,정인기
순정,디오
순정,김소현
순정,연준석
순정,이다윗
순정,주아름
순정,박해준
순정,김지호
순정,박용우
레터스 투 갓,태너 맥과이어
레터스 투 갓,제프리 존슨
레터스 투 갓,로빈 리블리
제 5침공,클로이 모레츠
남과 여,전도연
남과 여,공유
13시간,존 크래신스키
13시간,제임스 뱃지 데일
13시간,맥스 마티니
13시간,파블로 쉬레이버
13시간,데이비드 덴맨
13시간,토비 스티븐스
13시간,도미닉 푸무사
룸,브리 라슨
룸,제이콥 트렘블레이
룸,조안 알렌
갓 오브 이집트,제라드 버틀러
갓 오브 이집트,니콜라이 코스터 왈도
갓 오브 이집트,브렌튼 스웨이츠
널 기다리며,심은경
널 기다리며,윤제문
널 기다리며,김성오
런던 해즈 폴른,제라드 버틀러
런던 해즈 폴른,아론 에크하트
런던 해즈 폴른,모건 프리먼
엽문3: 최후의 대결,견자단
엽문3: 최후의 대결,장진
엽문3: 최후의 대결,슝다이린
엽문3: 최후의 대결,담요문
조이,제니퍼 로렌스
조이,로버트 드 니로
조이,브래들리 쿠퍼
일사각오,이지형
부활,조셉 파인즈
스푹스:MI5,키트 해링턴
스푹스:MI5,피터 퍼스
스푹스:MI5,제니퍼 엘
스푹스:MI5,엘예스 가벨
오 마이 그랜파,로버트 드 니로
오 마이 그랜파,잭 에프론
배트맨 대 슈퍼맨: 저스티스의 시작,벤 애플렉
배트맨 대 슈퍼맨: 저스티스의 시작,헨리 카빌
글로리데이,지수
글로리데이,수호
글로리데이,류준열
글로리데이,김희찬
"헤일, 시저!",조슈 브롤린
"헤일, 시저!",조지 클루니
"헤일, 시저!",스칼렛 요한슨
"헤일, 시저!",랄프 파인즈
"헤일, 시저!",채닝 테이텀
"헤일, 시저!",틸다 스윈튼
"헤일, 시저!",엘든 이렌리치
"헤일, 시저!",조나 힐
대배우,오달수
대배우,윤제문
대배우,이경영
나의 그리스식 웨딩 2,니아 발다로스
나의 그리스식 웨딩 2,존 코빗
나의 그리스식 웨딩 2,엘레나 캠푸리스
포레스트: 죽음의 숲,나탈리 도머
포레스트: 죽음의 숲,테일러 키니
마음이 외치고 싶어해,나카지마 켄토
마음이 외치고 싶어해,요시네 쿄코
마음이 외치고 싶어해,이시이 안나
마음이 외치고 싶어해,칸이치로
미스컨덕트,조쉬 더하멜
미스컨덕트,안소니 홉킨스
미스컨덕트,알 파치노
미스컨덕트,이병헌
"날, 보러와요",강예원
"날, 보러와요",이상윤
"날, 보러와요",최진호
클로버필드 10번지,메리 엘리자베스 윈스티드
클로버필드 10번지,존 굿맨
클로버필드 10번지,존 갤러거 주니어
독수리 에디,태런 에저튼
독수리 에디,휴 잭맨
33,안토니오 반데라스
33,로드리고 산토로
33,줄리엣 비노쉬
트럼보,브라이언 크랜스턴
트럼보,다이안 레인
트럼보,헬렌 미렌
트럼보,엘르 패닝
라스트 홈,앤드류 가필드
라스트 홈,마이클 섀넌
해어화,한효주
해어화,천우희
해어화,유연석
시간이탈자,임수정
시간이탈자,조정석
시간이탈자,이진욱
헌츠맨: 윈터스 워,크리스 헴스워스
헌츠맨: 윈터스 워,에밀리 블런트
헌츠맨: 윈터스 워,제시카 차스테인
헌츠맨: 윈터스 워,샤를리즈 테론
극장판 프랭키와 친구들: 생명의 나무,이소은
극장판 프랭키와 친구들: 생명의 나무,안영미
극장판 프랭키와 친구들: 생명의 나무,김민정
극장판 프랭키와 친구들: 생명의 나무,최승훈
4등,박해준
4등,이항나
4등,유재상
트리플 9,치웨텔 에지오포
트리플 9,케이트 윈슬렛
트리플 9,안소니 마키
트리플 9,우디 해럴슨
트리플 9,캐시 애플렉
트리플 9,노만 리더스
트리플 9,아론 폴
트리플 9,갤 가돗
트리플 9,테레사 팔머
브루클린,도널 글리슨
브루클린,시얼샤 로넌
파라노말 액티비티: 더 고스트 디멘션,크리스 J. 머레이
파라노말 액티비티: 더 고스트 디멘션,브릿 쇼
위대한 소원,류덕환
위대한 소원,김동영
위대한 소원,안재홍
위대한 소원,전노민
위대한 소원,전미선
캡틴 아메리카: 시빌 워,크리스 에반스
캡틴 아메리카: 시빌 워,로버트 다우니 주니어
태양 아래,None
시크릿 인 데어 아이즈,치웨텔 에지오포
시크릿 인 데어 아이즈,니콜 키드먼
시크릿 인 데어 아이즈,줄리아 로버츠
탐정 홍길동: 사라진 마을,이제훈
탐정 홍길동: 사라진 마을,김성균
매직브러시,김서영
매직브러시,김경희
매직브러시,박상훈
매직브러시,홍진욱
매직브러시,소역침
매직브러시,맹상룡
매직브러시,홍해천
다이노소어 어드벤처 : 백악기 공룡대백과,None
극장판 안녕 자두야,여민정
극장판 안녕 자두야,양정화
다이노X 탐험대,정준하
다이노X 탐험대,하하
45년 후,샬롯 램플링
45년 후,톰 커트니
나의 소녀시대,송운화
나의 소녀시대,왕대륙
곡성,곽도원
곡성,황정민
곡성,쿠니무라 준
곡성,천우희
곡성,김환희
엽기적인 그녀 2,차태현
엽기적인 그녀 2,빅토리아
다이버전트 시리즈: 얼리전트,쉐일린 우들리
다이버전트 시리즈: 얼리전트,테오 제임스
계춘할망,윤여정
계춘할망,김고은
싱 스트리트,퍼디아 월시 필로
싱 스트리트,루시 보인턴
앵그리버드 더 무비,제이슨 서디키스
앵그리버드 더 무비,조시 게드
앵그리버드 더 무비,대니 맥브라이드
하드코어 헨리,샬토 코플리
하드코어 헨리,팀 로스
동급생,노지마 켄지
동급생,카미야 히로시
몽키킹2: 서유기 여정의 시작,곽부성
몽키킹2: 서유기 여정의 시작,공리
몽키킹2: 서유기 여정의 시작,풍소봉
몽키킹2: 서유기 여정의 시작,소심양
몽키킹2: 서유기 여정의 시작,나중겸
엑스맨: 아포칼립스,제임스 맥어보이
엑스맨: 아포칼립스,마이클 패스벤더
엑스맨: 아포칼립스,제니퍼 로렌스
엑스맨: 아포칼립스,오스카 아이삭
엑스맨: 아포칼립스,니콜라스 홀트
오베라는 남자,롤프 라스가드
오베라는 남자,바하 파르스
오베라는 남자,필립 베리
썸니아,케이트 보스워스
썸니아,토마스 제인
썸니아,제이콥 트렘블레이
아가씨,김민희
아가씨,김태리
아가씨,하정우
미 비포 유,에밀리아 클라크
미 비포 유,샘 클래플린
무서운 이야기 3 : 화성에서 온 소녀,임슬옹
무서운 이야기 3 : 화성에서 온 소녀,경수진
무서운 이야기 3 : 화성에서 온 소녀,박정민
무서운 이야기 3 : 화성에서 온 소녀,홍은희
무서운 이야기 3 : 화성에서 온 소녀,차지연
더 보이,케이티 홈즈
더 보이,크리스토퍼 컨버리
더 보이,오웨인 요먼
바다 탐험대 옥토넛 시즌4: 아슬아슬 구조대작전,하성용
바다 탐험대 옥토넛 시즌4: 아슬아슬 구조대작전,정재헌
바다 탐험대 옥토넛 시즌4: 아슬아슬 구조대작전,엄상현
바다 탐험대 옥토넛 시즌4: 아슬아슬 구조대작전,윤승희
바다 탐험대 옥토넛 시즌4: 아슬아슬 구조대작전,김정은
바다 탐험대 옥토넛 시즌4: 아슬아슬 구조대작전,유동균
바다 탐험대 옥토넛 시즌4: 아슬아슬 구조대작전,김율
바다 탐험대 옥토넛 시즌4: 아슬아슬 구조대작전,한경화
플래그 더 문,이경태
플래그 더 문,이지현
워크래프트: 전쟁의 서막,트래비스 핌멜
워크래프트: 전쟁의 서막,벤 포스터
워크래프트: 전쟁의 서막,폴라 패튼
워크래프트: 전쟁의 서막,도미닉 쿠퍼
워크래프트: 전쟁의 서막,클랜시 브라운
워크래프트: 전쟁의 서막,토비 켑벨
컨저링 2,베라 파미가
컨저링 2,패트릭 윌슨
정글북,막심 추하료프
본 투 비 블루,에단 호크
극장판 유희왕 더 다크 사이드 오브 디멘션즈,엄상현
극장판 유희왕 더 다크 사이드 오브 디멘션즈,장성호
극장판 유희왕 더 다크 사이드 오브 디멘션즈,카자마 슌스케
극장판 유희왕 더 다크 사이드 오브 디멘션즈,츠다 켄지로
특별수사: 사형수의 편지,김명민
특별수사: 사형수의 편지,김상호
닌자터틀 : 어둠의 히어로,메간 폭스
닌자터틀 : 어둠의 히어로,스티븐 아멜
닌자터틀 : 어둠의 히어로,윌 아넷
닌자터틀 : 어둠의 히어로,로라 리니
닌자터틀 : 어둠의 히어로,피트 플로첵
닌자터틀 : 어둠의 히어로,앨런 리치슨
불의 전차,벤 크로스
불의 전차,이안 찰슨
불의 전차,나이젤 하버스
불의 전차,셰릴 캠벨
불의 전차,앨리스 크리게
인디펜던스 데이 : 리써전스,빌 풀먼
인디펜던스 데이 : 리써전스,리암 헴스워스
인디펜던스 데이 : 리써전스,제프 골드블럼
인디펜던스 데이 : 리써전스,비비카 A. 폭스
인디펜던스 데이 : 리써전스,제시 어셔
크리미널,케빈 코스트너
크리미널,게리 올드만
크리미널,라이언 레이놀즈
크리미널,토미 리 존스
크리미널,갤 가돗
비밀은 없다,손예진
비밀은 없다,김주혁
굿바이 싱글,김혜수
굿바이 싱글,마동석
굿바이 싱글,김현수
사냥,스티븐 웨딩턴
사냥,토니 베커
레전드 오브 타잔,알렉산더 스카스가드
레전드 오브 타잔,사무엘 L. 잭슨
레전드 오브 타잔,마고 로비
레전드 오브 타잔,크리스토프 왈츠
도리를 찾아서,엘렌 드제네레스
도리를 찾아서,헤이든 롤렌스
도리를 찾아서,알버트 브룩스
봉이 김선달,유승호
봉이 김선달,조재현
봉이 김선달,고창석
봉이 김선달,라미란
봉이 김선달,시우민
잔예 - 살아서는 안되는 방,다케우치 유코
잔예 - 살아서는 안되는 방,하시모토 아이
나우 유 씨 미 2,제시 아이젠버그
나우 유 씨 미 2,마크 러팔로
나우 유 씨 미 2,우디 해럴슨
나우 유 씨 미 2,데이브 프랭코
나우 유 씨 미 2,리지 캐플란
언더 워터,블레이크 라이블리
언더 워터,오스카 자에나다
데몰리션,제이크 질렌할
데몰리션,나오미 왓츠
트릭,이정진
트릭,강예원
트릭,김태훈
더 웨이브,크리스토퍼 조너
더 웨이브,아네 달 토르프
더 웨이브,조나스 호프 오프테브로
더 웨이브,에디트 하겐루드-산드레
나의 산티아고,데이비드 스트리에소브
나의 산티아고,마티나 게덱
나의 산티아고,카롤리네 슈흐
부산행,공유
부산행,정유미
부산행,마동석
부산행,김수안
부산행,김의성
부산행,최우식
부산행,안소희
아이스 에이지: 지구 대충돌,존 레귀자모
아이스 에이지: 지구 대충돌,레이 로마노
아이스 에이지: 지구 대충돌,제니퍼 로페즈
아이스 에이지: 지구 대충돌,애덤 드바인
아이스 에이지: 지구 대충돌,제시 타일러 퍼거슨
아이스 에이지: 지구 대충돌,배한성
아이스 에이지: 지구 대충돌,장광
극장판 요괴워치: 염라대왕과 5개의 이야기다냥!,토마츠 하루카
극장판 요괴워치: 염라대왕과 5개의 이야기다냥!,유우키 아오이
극장판 요괴워치: 염라대왕과 5개의 이야기다냥!,세키 토모카즈
극장판 요괴워치: 염라대왕과 5개의 이야기다냥!,코자쿠라 에츠코
인천상륙작전,이정재
인천상륙작전,이범수
인천상륙작전,리암 니슨
인천상륙작전,진세연
태풍이 지나가고,아베 히로시
태풍이 지나가고,마키 요코
태풍이 지나가고,요시자와 타이요
태풍이 지나가고,키키 키린
제이슨 본,맷 데이먼
빅,엄상현
빅,사문영
빅,박상훈
빅,안소이
빅,김연우
빅,윤세웅
빅,홍진욱
빅,임채헌
수어사이드 스쿼드,윌 스미스
수어사이드 스쿼드,자레드 레토
수어사이드 스쿼드,마고 로비
수어사이드 스쿼드,스콧 이스트우드
수어사이드 스쿼드,카라 델러비인
수어사이드 스쿼드,제이 코트니
마이펫의 이중생활,패튼 오스왈트
마이펫의 이중생활,케빈 하트
마이펫의 이중생활,에릭 스톤스트릿
덕혜옹주,손예진
덕혜옹주,박해일
명탐정 코난: 순흑의 악몽,김선혜
명탐정 코난: 순흑의 악몽,강수진
명탐정 코난: 순흑의 악몽,이정구
명탐정 코난: 순흑의 악몽,이현진
국가대표 2,수애
국가대표 2,오달수
국가대표 2,오연서
터널,하정우
터널,배두나
터널,오달수
슈퍼 프렌즈,변현우
슈퍼 프렌즈,김지혜
슈퍼 프렌즈,박조호
슈퍼 프렌즈,서지연
슈퍼 프렌즈,남도형
슈퍼 프렌즈,홍진욱
슈퍼 프렌즈,김승태
슈퍼 프렌즈,오인성
마이 리틀 자이언트,마크 라이런스
마이 리틀 자이언트,루비 반힐
마이 리틀 자이언트,장광
마이 리틀 자이언트,윤세웅
킹 오브 프리즘,테라시마 쥰타
킹 오브 프리즘,아오이 쇼타
킹 오브 프리즘,사이토 소우마
킹 오브 프리즘,하타나카 타스쿠
킹 오브 프리즘,야시로 타쿠
킹 오브 프리즘,이가라시 마사시
킹 오브 프리즘,나가츠카 타쿠마
킹 오브 프리즘,우치다 유우마
서울역,류승룡
서울역,심은경
서울역,이준
갤럭시 히어로즈: 라쳇 앤 클랭크,제임스 아놀드 테일러
갤럭시 히어로즈: 라쳇 앤 클랭크,데이빗 케이
갤럭시 히어로즈: 라쳇 앤 클랭크,짐 워드
스타트렉 비욘드,크리스 파인
스타트렉 비욘드,재커리 퀸토
스타트렉 비욘드,칼 어번
스타트렉 비욘드,조 샐다나
스타트렉 비욘드,사이먼 페그
파워배틀 와치카 미니카 배틀리그: 불꽃의 질주,None
라이트 아웃,테레사 팔머
라이트 아웃,가브리엘 베이트먼
플로렌스,메릴 스트립
플로렌스,휴 그랜트
플로렌스,사이먼 헬버그
고스트버스터즈,캐리 쿤
고스트버스터즈,핀 울프하드
고스트버스터즈,맥케나 그레이스
올레,신하균
올레,박희순
올레,오만석
메카닉: 리크루트,제이슨 스타뎀
메카닉: 리크루트,제시카 알바
머니 몬스터,조지 클루니
머니 몬스터,줄리아 로버츠
머니 몬스터,잭 오코넬
머니 몬스터,카이트리오나 발페
이퀄스,니콜라스 홀트
이퀄스,크리스틴 스튜어트
거울나라의 앨리스,조니 뎁
거울나라의 앨리스,앤 해서웨이
거울나라의 앨리스,미아 와시코우스카
거울나라의 앨리스,헬레나 본햄 카터
거울나라의 앨리스,사챠 바론 코헨
"고산자, 대동여지도",차승원
"고산자, 대동여지도",유준상
밀정,송강호
밀정,공유
로빈슨 크루소,유리 로웬탈
로빈슨 크루소,데이비드 하워드
로빈슨 크루소,라일라 베르진스
로빈슨 크루소,콜린 메츠거
로빈슨 크루소,조이 카멘
로빈슨 크루소,마리브 헤링턴
장난감이 살아있다,니콜라스 홀트
장난감이 살아있다,아리아나 그란데
장난감이 살아있다,케이티 홈즈
장난감이 살아있다,루퍼트 그린트
달빛궁궐,김서영
달빛궁궐,이하늬
달빛궁궐,권율
달빛궁궐,김슬기
인천상륙작전 : 익스텐디드 에디션,이정재
인천상륙작전 : 익스텐디드 에디션,이범수
인천상륙작전 : 익스텐디드 에디션,리암 니슨
인천상륙작전 : 익스텐디드 에디션,진세연
드림 쏭,루크 윌슨
드림 쏭,J. K. 시몬스
드림 쏭,에디 이자드
드림 쏭,엄상현
드림 쏭,이장원
드림 쏭,이현
매그니피센트 7,덴젤 워싱턴
매그니피센트 7,크리스 프랫
매그니피센트 7,에단 호크
매그니피센트 7,빈센트 도노프리오
매그니피센트 7,이병헌
매그니피센트 7,마누엘 가르시아 룰포
매그니피센트 7,마틴 센스마이어
벤허,찰턴 헤스턴
카페 소사이어티,제시 아이젠버그
카페 소사이어티,크리스틴 스튜어트
아이엠스타 뮤직어워드,정유정
아이엠스타 뮤직어워드,김새해
아이엠스타 뮤직어워드,김영은
아이 엠 어 히어로,사토 타케루
아이 엠 어 히어로,키나시 노리타케
대결,이주승
대결,오지호
뉴 스텝업: 어반댄스,티아 마이피
뉴 스텝업: 어반댄스,케링턴 페인
뉴 스텝업: 어반댄스,스탠 워커
브리짓 존스의 베이비,콜린 퍼스
브리짓 존스의 베이비,패트릭 뎀시
브리짓 존스의 베이비,르네 젤위거
설리: 허드슨강의 기적,톰 행크스
미스 페레그린과 이상한 아이들의 집,에바 그린
미스 페레그린과 이상한 아이들의 집,에이사 버터필드
미스 페레그린과 이상한 아이들의 집,엘라 퍼넬
아수라,정우성
아수라,황정민
아수라,주지훈
피터와 드래곤,브라이스 달라스 하워드
피터와 드래곤,오크스 페글리
피터와 드래곤,로버트 레드포드
피터와 드래곤,칼 어번
피터와 드래곤,웨스 벤틀리
피터와 드래곤,우나 로렌스
바다 탐험대 옥토넛 시즌4: 늪지탐험선K,하성용
바다 탐험대 옥토넛 시즌4: 늪지탐험선K,정재헌
바다 탐험대 옥토넛 시즌4: 늪지탐험선K,엄상현
바다 탐험대 옥토넛 시즌4: 늪지탐험선K,윤승희
바다 탐험대 옥토넛 시즌4: 늪지탐험선K,김정은
바다 탐험대 옥토넛 시즌4: 늪지탐험선K,유동균
바다 탐험대 옥토넛 시즌4: 늪지탐험선K,김율
바다 탐험대 옥토넛 시즌4: 늪지탐험선K,한경화
립반윙클의 신부,쿠로키 하루
립반윙클의 신부,아야노 고
립반윙클의 신부,코코
백설공주 : 사라진 아빠를 찾아서,이제인
백설공주 : 사라진 아빠를 찾아서,사문영
돈 맛,이은미
돈 맛,허진우
돈 맛,장현우
돈 맛,조명연
맨 인 더 다크,제인 레비
맨 인 더 다크,딜런 미넷
디시에르토,가엘 가르시아 베르날
디시에르토,제프리 딘 모건
죽여주는 여자,윤여정
그물,류승범
그물,이원근
럭키,유해진
럭키,이준
럭키,조윤희
럭키,임지연
자백,최승호
자백,김기춘
자백,원세훈
바스티유 데이,이드리스 엘바
바스티유 데이,리처드 매든
어카운턴트,벤 애플렉
어카운턴트,안나 켄드릭
극장판 프리파라 모두 모여라! 프리즘☆투어즈,아카네야 히미카
극장판 프리파라 모두 모여라! 프리즘☆투어즈,세리자와 유
극장판 프리파라 모두 모여라! 프리즘☆투어즈,쿠보타 미유
토마스와 친구들: 용감한 기관차와 괴물소동,마크 모라한
토마스와 친구들: 용감한 기관차와 괴물소동,벤 스몰
인페르노,톰 행크스
인페르노,펠리시티 존스
미스터 캣,케빈 스페이시
미스터 캣,제니퍼 가너
미스터 캣,크리스토퍼 월켄
걷기왕,심은경
걷기왕,박주희
키즈모노가타리 II : 열혈편,카미야 히로시
키즈모노가타리 II : 열혈편,사카모토 마야
"무현, 두 도시 이야기",노무현
"무현, 두 도시 이야기",김원명
"무현, 두 도시 이야기",김하연
"무현, 두 도시 이야기",백승영
"무현, 두 도시 이야기",조덕희
"무현, 두 도시 이야기",박영희
"무현, 두 도시 이야기",장철영
닥터 스트레인지,베네딕트 컴버배치
닥터 스트레인지,레이첼 맥아담스
닥터 스트레인지,틸다 스윈튼
닥터 스트레인지,매즈 미켈슨
닥터 스트레인지,치웨텔 에지오포
혼숨,류덕환
혼숨,조복래
쿠보와 전설의 악기,아트 파킨슨
쿠보와 전설의 악기,매튜 맥커너히
쿠보와 전설의 악기,랄프 파인즈
쿠보와 전설의 악기,루니 마라
쿠보와 전설의 악기,샤를리즈 테론
선생님의 일기,비 스크릿 위셋케우
선생님의 일기,레일라 분야삭
극장판 파워레인저: 닌자포스 VS 트레인포스 닌자 인 원더랜드,김혜성
극장판 파워레인저: 닌자포스 VS 트레인포스 닌자 인 원더랜드,안용욱
극장판 파워레인저: 닌자포스 VS 트레인포스 닌자 인 원더랜드,이경태
극장판 파워레인저: 닌자포스 VS 트레인포스 닌자 인 원더랜드,류점희
극장판 파워레인저: 닌자포스 VS 트레인포스 닌자 인 원더랜드,이새아
극장판 파워레인저: 닌자포스 VS 트레인포스 닌자 인 원더랜드,김현욱
극장판 파워레인저: 닌자포스 VS 트레인포스 닌자 인 원더랜드,심규혁
극장판 파워레인저: 닌자포스 VS 트레인포스 닌자 인 원더랜드,이인석
극장판 파워레인저: 닌자포스 VS 트레인포스 닌자 인 원더랜드,강시현
극장판 파워레인저: 닌자포스 VS 트레인포스 닌자 인 원더랜드,홍진욱
극장판 파워레인저: 닌자포스 VS 트레인포스 닌자 인 원더랜드,김서영
극장판 파워레인저: 닌자포스 VS 트레인포스 닌자 인 원더랜드,서원석
극장판 파워레인저: 닌자포스 VS 트레인포스 닌자 인 원더랜드,니시카와 슌스케
극장판 파워레인저: 닌자포스 VS 트레인포스 닌자 인 원더랜드,마츠모토 가쿠
극장판 파워레인저: 닌자포스 VS 트레인포스 닌자 인 원더랜드,나카무라 카이토
극장판 파워레인저: 닌자포스 VS 트레인포스 닌자 인 원더랜드,야노 유카
극장판 파워레인저: 닌자포스 VS 트레인포스 닌자 인 원더랜드,야마야 카스미
극장판 파워레인저: 닌자포스 VS 트레인포스 닌자 인 원더랜드,타와다 히데야
극장판 파워레인저: 닌자포스 VS 트레인포스 닌자 인 원더랜드,시손 쥰
극장판 파워레인저: 닌자포스 VS 트레인포스 닌자 인 원더랜드,히라마키 진
극장판 파워레인저: 닌자포스 VS 트레인포스 닌자 인 원더랜드,코지마 리리아
극장판 파워레인저: 닌자포스 VS 트레인포스 닌자 인 원더랜드,요코하마 류세이
극장판 파워레인저: 닌자포스 VS 트레인포스 닌자 인 원더랜드,모리타카 아이
극장판 파워레인저: 닌자포스 VS 트레인포스 닌자 인 원더랜드,나가하마 신
로스트 인 더스트,크리스 파인
로스트 인 더스트,벤 포스터
로스트 인 더스트,제프 브리지스
인어공주 : 새로운 모험의 시작,김경희
인어공주 : 새로운 모험의 시작,김연우
무한대를 본 남자,데브 파텔
무한대를 본 남자,제레미 아이언스
스플릿,유지태
스플릿,이정현
스플릿,이다윗
스플릿,정성화
위자: 저주의 시작,엘리자베스 리저
위자: 저주의 시작,애너리즈 바쏘
위자: 저주의 시작,루루 윌슨
위자: 저주의 시작,헨리 토마스
세상에서 고양이가 사라진다면,사토 타케루
세상에서 고양이가 사라진다면,미야자키 아오이
감바의 대모험,카지 유키
당신자신과 당신의 것,김주혁
당신자신과 당신의 것,이유영
바후발리 : 더 비기닝,프라바스
바후발리 : 더 비기닝,라나 다구바티
신비한 동물사전,에디 레드메인
신비한 동물사전,캐서린 워터스톤
신비한 동물사전,앨리슨 수돌
신비한 동물사전,에즈라 밀러
신비한 동물사전,주드 로
신비한 동물사전,조니 뎁
신비한 동물사전,칼럼 터너
가려진 시간,강동원
가려진 시간,신은수
가려진 시간,이효제
하이큐!! 끝과 시작,양정화
하이큐!! 끝과 시작,심규혁
하이큐!! 끝과 시작,신용우
하이큐!! 끝과 시작,구자형
하이큐!! 끝과 시작,류승곤
하이큐!! 끝과 시작,김영선
하이큐!! 끝과 시작,이경태
하이큐!! 끝과 시작,무라세 아유무
하이큐!! 끝과 시작,이시카와 카이토
하이큐!! 끝과 시작,히노 사토시
하이큐!! 끝과 시작,이리노 미유
하이큐!! 끝과 시작,하야시 이사무
카페 6,동자건
카페 6,안탁령
카페 6,임백굉
카페 6,구양니니
순종,김은혜
순종,한성국
순종,김영화
드래곤 네스트: 평화 기사단 VS 블랙 드래곤,호가
드래곤 네스트: 평화 기사단 VS 블랙 드래곤,경첨
드래곤 네스트: 평화 기사단 VS 블랙 드래곤,하재동
드래곤 네스트: 평화 기사단 VS 블랙 드래곤,서교
연애담,이상희
연애담,류아벨
형,조정석
형,디오
형,박신혜
블레어 위치,칼리 헤르난데즈
블레어 위치,제임스 앨런 맥퀸
블레어 위치,코빈 라이드
블레어 위치,밸러리 커리
블레어 위치,웨스 로빈슨
블레어 위치,브랜던 스콧
미스 사이공 : 25주년 특별 공연,김수하
리틀메딕: 몸속탐험대,세바스티안 피츠너
리틀메딕: 몸속탐험대,아네트 포템파
리틀메딕: 몸속탐험대,한스-위르겐 디트베르너
테일 오브 테일즈,셀마 헤이엑
테일 오브 테일즈,뱅상 카셀
테일 오브 테일즈,스테이시 마틴
테일 오브 테일즈,토비 존스
테일 오브 테일즈,존 C. 라일리
잭 리처: 네버 고 백,톰 크루즈
두 남자,마동석
두 남자,최민호
미씽: 사라진 여자,엄지원
미씽: 사라진 여자,공효진
도성풍운 3,주윤발
도성풍운 3,유덕화
도성풍운 3,장학우
도성풍운 3,장가휘
도성풍운 3,리위춘
언더월드: 블러드 워,케이트 베킨세일
캡틴 판타스틱,비고 모텐슨
캡틴 판타스틱,조지 맥케이
캡틴 판타스틱,사만다 아일러
캡틴 판타스틱,애너리즈 바쏘
캡틴 판타스틱,니콜라스 해밀턴
캡틴 판타스틱,쉬리 크룩스
캡틴 판타스틱,찰리 쇼트웰
신밧드 더 무비,송영인
신밧드 더 무비,방지원
신밧드 더 무비,무라나카 토모
신밧드 더 무비,타나베 모모코
라라랜드,라이언 고슬링
라라랜드,엠마 스톤
판도라,김남길
판도라,김영애
판도라,문정희
판도라,정진영
아기배달부 스토크,앤디 샘버그
아기배달부 스토크,케이티 크라운
"나, 다니엘 블레이크",데이브 존스
"나, 다니엘 블레이크",헤일리 스콰이어
원피스 필름 골드,강수진
원피스 필름 골드,정미숙
원피스 필름 골드,김승준
원피스 필름 골드,김소형
원피스 필름 골드,타나카 마유미
원피스 필름 골드,오카무라 아케미
원피스 필름 골드,나카이 카즈야
원피스 필름 골드,야마구치 캇페이
커튼콜,장현성
커튼콜,박철민
커튼콜,전무송
호비와 동화나라 대모험,미나미 오미
호비와 동화나라 대모험,타카하시 미키
"당신, 거기 있어줄래요",김윤석
"당신, 거기 있어줄래요",변요한
"당신, 거기 있어줄래요",채서진
목숨 건 연애,하지원
목숨 건 연애,천정명
목숨 건 연애,진백림
스노우타임,이지현
스노우타임,김경희
스노우타임,김연우
스노우타임,최정현
스노우타임,이현
마스터,이병헌
마스터,강동원
마스터,김우빈
씽,매튜 맥커너히
씽,리즈 위더스푼
씽,스칼렛 요한슨
씽,태런 에저튼
씽,토리 켈리
씽,세스 맥팔레인
극장판 도라에몽: 신 진구의 버스 오브 재팬,채민지
극장판 도라에몽: 신 진구의 버스 오브 재팬,김정아
극장판 도라에몽: 신 진구의 버스 오브 재팬,미즈타 와사비
극장판 도라에몽: 신 진구의 버스 오브 재팬,오오하라 메구미
포켓몬 더 무비 XY&Z 「볼케니온 : 기계왕국의 비밀」,마츠모토 리카
포켓몬 더 무비 XY&Z 「볼케니온 : 기계왕국의 비밀」,오오타니 이쿠에
에곤 쉴레: 욕망이 그린 그림,노아 자베드라
로그 원: 스타워즈 스토리,펠리시티 존스
로그 원: 스타워즈 스토리,디에고 루나
루돌프와 많이있어,김율
루돌프와 많이있어,신용우
하이큐!! 승자와 패자,심규혁
하이큐!! 승자와 패자,양정화
하이큐!! 승자와 패자,성완경
하이큐!! 승자와 패자,구자형
하이큐!! 승자와 패자,류승곤
하이큐!! 승자와 패자,무라세 아유무
하이큐!! 승자와 패자,이시카와 카이토
하이큐!! 승자와 패자,히노 사토시
하이큐!! 승자와 패자,이리노 미유
하이큐!! 승자와 패자,하야시 이사무
너의 이름은.,카미키 류노스케
너의 이름은.,카미시라이시 모네
눈의 여왕 3: 눈과 불의 마법대결,박지윤
눈의 여왕 3: 눈과 불의 마법대결,엄상현
눈의 여왕 3: 눈과 불의 마법대결,남도형
눈의 여왕 3: 눈과 불의 마법대결,이재범
눈의 여왕 3: 눈과 불의 마법대결,박상훈
사랑하기 때문에,차태현
사랑하기 때문에,서현진
사랑하기 때문에,김유정
패신저스,제니퍼 로렌스
패신저스,크리스 프랫
여교사,김하늘
여교사,유인영
여교사,이원근
어쌔신 크리드,마이클 패스벤더
얼라이드,브래드 피트
얼라이드,마리옹 꼬띠아르
얼라이드,리지 캐플란
반지의 제왕 : 반지원정대 (확장판),일라이저 우드
반지의 제왕 : 반지원정대 (확장판),이안 맥켈런
반지의 제왕 : 반지원정대 (확장판),리브 타일러
반지의 제왕 : 반지원정대 (확장판),비고 모텐슨
반지의 제왕 : 반지원정대 (확장판),숀 애스틴
반지의 제왕 : 반지원정대 (확장판),케이트 블란쳇
모아나,드웨인 존슨
모아나,아우이 크라발호
7년-그들이 없는 언론,강지웅
7년-그들이 없는 언론,권성민
7년-그들이 없는 언론,권석재
7년-그들이 없는 언론,노종면
7년-그들이 없는 언론,박성제
7년-그들이 없는 언론,박성호
7년-그들이 없는 언론,박진수
7년-그들이 없는 언론,우장균
7년-그들이 없는 언론,이근행
7년-그들이 없는 언론,이용마
7년-그들이 없는 언론,정영하
7년-그들이 없는 언론,정유신
7년-그들이 없는 언론,조승호
7년-그들이 없는 언론,최승호
7년-그들이 없는 언론,현덕수
반지의 제왕 : 두개의 탑 (확장판),일라이저 우드
반지의 제왕 : 두개의 탑 (확장판),이안 맥켈런
반지의 제왕 : 두개의 탑 (확장판),비고 모텐슨
공조,현빈
공조,유해진
공조,김주혁
터닝메카드W: 블랙미러의 부활,소연
터닝메카드W: 블랙미러의 부활,윤아영
터닝메카드W: 블랙미러의 부활,신용우
터닝메카드W: 블랙미러의 부활,장광
터닝메카드W: 블랙미러의 부활,강호철
터닝메카드W: 블랙미러의 부활,안영미
터닝메카드W: 블랙미러의 부활,윤미나
더 킹,티모시 샬라메
더 킹,조엘 에저튼
단지 세상의 끝,가스파르 울리엘
단지 세상의 끝,마리옹 꼬띠아르
단지 세상의 끝,레아 세두
단지 세상의 끝,뱅상 카셀
단지 세상의 끝,나탈리 베이
짱구는 못말려 극장판: 폭풍수면! 꿈꾸는 세계 대돌격,박영남
짱구는 못말려 극장판: 폭풍수면! 꿈꾸는 세계 대돌격,김환진
짱구는 못말려 극장판: 폭풍수면! 꿈꾸는 세계 대돌격,강희선
짱구는 못말려 극장판: 폭풍수면! 꿈꾸는 세계 대돌격,여민정
짱구는 못말려 극장판: 폭풍수면! 꿈꾸는 세계 대돌격,장경희
짱구는 못말려 극장판: 폭풍수면! 꿈꾸는 세계 대돌격,야지마 아키코
짱구는 못말려 극장판: 폭풍수면! 꿈꾸는 세계 대돌격,나라하시 미키
짱구는 못말려 극장판: 폭풍수면! 꿈꾸는 세계 대돌격,후지와라 케이지
짱구는 못말려 극장판: 폭풍수면! 꿈꾸는 세계 대돌격,코오로기 사토미
딥워터 호라이즌,마크 월버그
딥워터 호라이즌,딜런 오브라이언
딥워터 호라이즌,커트 러셀
딥워터 호라이즌,존 말코비치
딥워터 호라이즌,케이트 허드슨
레지던트 이블: 파멸의 날,밀라 요보비치
레지던트 이블: 파멸의 날,알리 라터
반지의 제왕 : 왕의 귀환 (확장판),일라이저 우드
반지의 제왕 : 왕의 귀환 (확장판),이안 맥켈런
반지의 제왕 : 왕의 귀환 (확장판),비고 모텐슨
매기스 플랜,그레타 거윅
매기스 플랜,에단 호크
매기스 플랜,줄리안 무어
바다 탐험대 옥토넛 시즌4: 바다 괴물 대소동,하성용
바다 탐험대 옥토넛 시즌4: 바다 괴물 대소동,정재헌
바다 탐험대 옥토넛 시즌4: 바다 괴물 대소동,엄상현
바다 탐험대 옥토넛 시즌4: 바다 괴물 대소동,윤승희
바다 탐험대 옥토넛 시즌4: 바다 괴물 대소동,김정은
바다 탐험대 옥토넛 시즌4: 바다 괴물 대소동,유동균
바다 탐험대 옥토넛 시즌4: 바다 괴물 대소동,김율
바다 탐험대 옥토넛 시즌4: 바다 괴물 대소동,한경화
라이언,데브 파텔
라이언,루니 마라
라이언,데이비드 웬햄
라이언,니콜 키드먼
뚜르: 내 생애 최고의 49일,이윤혁
컨택트,에이미 아담스
컨택트,제레미 레너
컨택트,포레스트 휘태커
트리플 엑스 리턴즈,빈 디젤
명탐정 코난: 에피소드 원-작아진 명탐정,타카야마 미나미
명탐정 코난: 에피소드 원-작아진 명탐정,야마구치 캇페이
명탐정 코난: 에피소드 원-작아진 명탐정,야마자키 와카나
50가지 그림자: 심연,제이미 도넌
50가지 그림자: 심연,다코타 존슨
조작된 도시,지창욱
조작된 도시,심은경
발레리나,엘르 패닝
발레리나,데인 드한
레고 배트맨 무비,윌 아넷
레고 배트맨 무비,랄프 파인즈
레고 배트맨 무비,로사리오 도슨
레고 배트맨 무비,마이클 세라
레고 배트맨 무비,자흐 갈리피아나키스
레고 배트맨 무비,머라이어 캐리
그레이트 월,맷 데이먼
그레이트 월,경첨
그레이트 월,페드로 파스칼
그레이트 월,윌렘 데포
그레이트 월,유덕화
재심,정우
재심,강하늘
재심,김해숙
더 큐어,데인 드한
더 큐어,제이슨 아이삭스
더 큐어,미아 고스
"그래, 가족",이요원
"그래, 가족",정만식
"그래, 가족",이솜
"그래, 가족",정준원
트롤,안나 켄드릭
트롤,저스틴 팀버레이크
마이펫 오지,남도형
마이펫 오지,정은지
마이펫 오지,김현욱
마이펫 오지,이재범
마이펫 오지,기예르모 로메로
마이펫 오지,미첼 제너
마이펫 오지,다니 로비라
마이펫 오지,호세 모타
23 아이덴티티,제임스 맥어보이
존 윅 - 리로드,키아누 리브스
문라이트,알렉스 R. 히버트
문라이트,애쉬튼 샌더스
문라이트,트레반트 로즈
핵소 고지,앤드류 가필드
루시드 드림,고수
루시드 드림,설경구
싱글라이더,이병헌
싱글라이더,공효진
싱글라이더,안소희
극장판 소드 아트 온라인 -오디널 스케일-,마츠오카 요시츠구
극장판 소드 아트 온라인 -오디널 스케일-,토마츠 하루카
사일런스,스탠리 투치
사일런스,키어넌 쉽카
로건,휴 잭맨
눈길,김영옥
눈길,김향기
눈길,김새론
해빙,조진웅
해빙,신구
해빙,김대명
콩: 스컬 아일랜드,톰 히들스턴
콩: 스컬 아일랜드,사무엘 L. 잭슨
콩: 스컬 아일랜드,존 굿맨
콩: 스컬 아일랜드,브리 라슨
파도가 지나간 자리,마이클 패스벤더
파도가 지나간 자리,알리시아 비칸데르
파도가 지나간 자리,레이첼 와이즈
걸 온 더 트레인,에밀리 블런트
미녀와 야수,엠마 왓슨
미녀와 야수,댄 스티븐스
미녀와 야수,루크 에반스
비정규직 특수요원,강예원
비정규직 특수요원,한채아
스페이스 비트윈 어스,에이사 버터필드
스페이스 비트윈 어스,칼라 구기노
스페이스 비트윈 어스,브릿 로버트슨
스페이스 비트윈 어스,게리 올드만
골드,매튜 맥커너히
아우토반,니콜라스 홀트
아우토반,펠리시티 존스
아우토반,안소니 홉킨스
아우토반,벤 킹슬리
히든 피겨스,타라지 P. 헨슨
히든 피겨스,옥타비아 스펜서
히든 피겨스,자넬 모네
프리즌,한석규
프리즌,김래원
보통사람,손현주
보통사람,장혁
밤의 해변에서 혼자,김민희
극장판 암살교실 : 365일의 시간,후쿠야마 쥰
극장판 암살교실 : 365일의 시간,스기타 토모카즈
아기돼지 3형제와 매직램프,윤아영
아기돼지 3형제와 매직램프,이소은
아기돼지 3형제와 매직램프,최정현
아기돼지 3형제와 매직램프,황창영
개구리왕국 2,사문영
개구리왕국 2,이경태
공각기동대 : 고스트 인 더 쉘,스칼렛 요한슨
원라인,임시완
원라인,진구
원라인,박병은
데스노트: 더 뉴 월드,히가시데 마사히로
데스노트: 더 뉴 월드,이케마츠 소스케
데스노트: 더 뉴 월드,스다 마사키
미스 슬로운,제시카 차스테인
분노,와타나베 켄
분노,모리야마 미라이
분노,마츠야마 켄이치
분노,아야노 고
분노,히로세 스즈
분노,미야자키 아오이
분노,츠마부키 사토시
어느날,김남길
어느날,천우희
라이프,제이크 질렌할
라이프,레베카 퍼거슨
라이프,라이언 레이놀즈
시간위의 집,김윤진
시간위의 집,택연
시간위의 집,조재윤
패트리어트 데이,마크 월버그
링스,마틸다 안나 잉그리드 러츠
링스,알렉스 로
링스,자니 갈렉키
링스,에이미 티가든
링스,데이빗 도프만
슈퍼 버드,에드워드 제임스 올모스
슈퍼 버드,리코 로드리게스
슈퍼 버드,치치 마린
슈퍼 버드,케이트 델 까스틸로
아빠는 딸,타이 호아
아빠는 딸,까이띠 응우옌
분노의 질주: 더 익스트림,빈 디젤
분노의 질주: 더 익스트림,드웨인 존슨
분노의 질주: 더 익스트림,제이슨 스타뎀
분노의 질주: 더 익스트림,샤를리즈 테론
흑집사 -북 오브 더 아틀란틱-,오노 다이스케
흑집사 -북 오브 더 아틀란틱-,사카모토 마야
지니어스,콜린 퍼스
지니어스,주드 로
지니어스,니콜 키드먼
리틀 프린세스 소피아: 엘레나와 비밀의 아발로 왕국,아리엘 윈터
리틀 프린세스 소피아: 엘레나와 비밀의 아발로 왕국,아미 카레로
리틀 프린세스 소피아: 엘레나와 비밀의 아발로 왕국,김미랑
리틀 프린세스 소피아: 엘레나와 비밀의 아발로 왕국,이재현
극장판 어드벤처 타임: 비밀의 아일랜드,전진아
극장판 어드벤처 타임: 비밀의 아일랜드,사문영
극장판 어드벤처 타임: 비밀의 아일랜드,최낙윤
극장판 어드벤처 타임: 비밀의 아일랜드,양유진
극장판 어드벤처 타임: 비밀의 아일랜드,김보영
극장판 어드벤처 타임: 비밀의 아일랜드,이명희
극장판 어드벤처 타임: 비밀의 아일랜드,이재범
극장판 어드벤처 타임: 비밀의 아일랜드,김연우
극장판 어드벤처 타임: 비밀의 아일랜드,서원석
극장판 어드벤처 타임: 비밀의 아일랜드,임경명
오두막,샘 워싱턴
오두막,옥타비아 스펜서
오두막,팀 맥그로우
파워레인져스: 더 비기닝,데이커 몽고메리
파워레인져스: 더 비기닝,나오미 스콧
파워레인져스: 더 비기닝,RJ 사일러
파워레인져스: 더 비기닝,루디 린
파워레인져스: 더 비기닝,베키 지
더 플랜,None
파운더,마이클 키튼
콜로설,앤 해서웨이
콜로설,댄 스티븐스
마리안느와 마가렛,마리안느 스퇴거
마리안느와 마가렛,마가렛 피사렉
암살교실: 졸업편,야마다 료스케
임금님의 사건수첩,이선균
임금님의 사건수첩,안재홍
"서서평, 천천히 평온하게",하정우
"서서평, 천천히 평온하게",윤안나
"서서평, 천천히 평온하게",안은새
특별시민,최민식
특별시민,곽도원
특별시민,심은경
나는 부정한다,레이첼 와이즈
나는 부정한다,톰 윌킨슨
나는 부정한다,티모시 스폴
극장판 또봇: 로봇군단의 습격,하룡이
극장판 또봇: 로봇군단의 습격,신경선
극장판 또봇: 로봇군단의 습격,이현
극장판 쿠로코의 농구 라스트 게임,오노 켄쇼
극장판 쿠로코의 농구 라스트 게임,오노 유키
극장판 쿠로코의 농구 라스트 게임,카미야 히로시
극장판 쿠로코의 농구 라스트 게임,스와베 쥰이치
극장판 쿠로코의 농구 라스트 게임,오노 다이스케
극장판 쿠로코의 농구 라스트 게임,키무라 료헤이
스머프: 비밀의 숲,맨디 파틴킨
스머프: 비밀의 숲,데미 로바토
스머프: 비밀의 숲,레인 윌슨
스머프: 비밀의 숲,조 맹가니엘로
스머프: 비밀의 숲,잭 맥브레이어
보안관,이성민
보안관,조진웅
보안관,김성균
보스 베이비,알렉 볼드윈
보스 베이비,스티브 부세미
보스 베이비,토비 맥과이어
보스 베이비,마일즈 크리스토퍼 바크시
보스 베이비,이현
보스 베이비,이장원
보스 베이비,문서윤
가디언즈 오브 갤럭시 VOL. 2,크리스 프랫
가디언즈 오브 갤럭시 VOL. 2,조 샐다나
슈퍼 빼꼼: 스파이 대작전,김태균
슈퍼 빼꼼: 스파이 대작전,최정현
언노운 걸,아델 아에넬
오즈의 마법사 2,스티브 스테일리
오즈의 마법사 2,멜리사 허치슨
오즈의 마법사 2,신시아 스필만
석조저택 살인사건,고수
석조저택 살인사건,김주혁
석조저택 살인사건,문성근
석조저택 살인사건,박성웅
에이리언: 커버넌트,마이클 패스벤더
에이리언: 커버넌트,캐서린 워터스톤
목소리의 형태,이리노 미유
목소리의 형태,하야미 사오리
길,김혜자
길,송재호
길,허진
길,온주완
겟 아웃,다니엘 칼루유야
겟 아웃,앨리슨 윌리엄스
겟 아웃,브래드리 휘트포드
겟 아웃,캐서린 키너
불한당: 나쁜 놈들의 세상,설경구
불한당: 나쁜 놈들의 세상,임시완
킹 아서: 제왕의 검,찰리 허냄
킹 아서: 제왕의 검,주드 로
정글북,막심 추하료프
로스트 인 파리,도미니크 아벨
로스트 인 파리,피오나 고든
캐리비안의 해적: 죽은 자는 말이 없다,조니 뎁
캐리비안의 해적: 죽은 자는 말이 없다,하비에르 바르뎀
캐리비안의 해적: 죽은 자는 말이 없다,제프리 러쉬
캐리비안의 해적: 죽은 자는 말이 없다,브렌튼 스웨이츠
캐리비안의 해적: 죽은 자는 말이 없다,카야 스코델라리오
노무현입니다,노무현
노무현입니다,이화춘
노무현입니다,유시민
너와 100번째 사랑,사카구치 켄타로
너와 100번째 사랑,미와
대립군,이정재
대립군,여진구
대립군,김무열
원더 우먼,갤 가돗
원더 우먼,크리스 파인
7번째 내가 죽던 날,조이 도이치
7번째 내가 죽던 날,할스턴 세이지
꿈의 제인,이민지
꿈의 제인,구교환
꿈의 제인,이주영
베이블레이드 버스트 갓 : 갓 발키리의 탄생,김현지
베이블레이드 버스트 갓 : 갓 발키리의 탄생,한신
바다 탐험대 옥토넛 시즌4: 더 파이널,하성용
바다 탐험대 옥토넛 시즌4: 더 파이널,정재헌
바다 탐험대 옥토넛 시즌4: 더 파이널,엄상현
바다 탐험대 옥토넛 시즌4: 더 파이널,윤승희
바다 탐험대 옥토넛 시즌4: 더 파이널,김정은
바다 탐험대 옥토넛 시즌4: 더 파이널,유동균
바다 탐험대 옥토넛 시즌4: 더 파이널,김율
바다 탐험대 옥토넛 시즌4: 더 파이널,한경화
파워배틀 와치카: 와치가면의 역습,엄상현
파워배틀 와치카: 와치가면의 역습,전태열
파워배틀 와치카: 와치가면의 역습,정혜원
파워배틀 와치카: 와치가면의 역습,정영웅
미이라,저스틴 고든
미이라,에바 스완
미이라,사이먼 필립스
미이라,랜스 헨릭슨
미이라,숀 스프로울링
악녀,김옥빈
악녀,신하균
악녀,성준
악녀,김서형
악녀,조은지
용순,이수경
용순,최덕문
심야식당 2,코바야시 카오루
킹 오브 프리즘 - 프라이드 더 히어로,남도형
킹 오브 프리즘 - 프라이드 더 히어로,엄상현
킹 오브 프리즘 - 프라이드 더 히어로,이원찬
킹 오브 프리즘 - 프라이드 더 히어로,카키하라 테츠야
킹 오브 프리즘 - 프라이드 더 히어로,마에노 토모아키
킹 오브 프리즘 - 프라이드 더 히어로,마스다 토시키
하루,김명민
하루,변요한
엘르,이자벨 위페르
꼬마돼지 베이브의 대모험,악셀 프랄
꼬마돼지 베이브의 대모험,미카엘 케슬러
꼬마돼지 베이브의 대모험,랄프 슈미츠
나의 붉은고래,계관림
나의 붉은고래,허위주
나의 붉은고래,소상경
꼬마참새 리차드: 아프리카 원정대,김서영
꼬마참새 리차드: 아프리카 원정대,구민선
꼬마참새 리차드: 아프리카 원정대,변영희
트랜스포머: 최후의 기사,마크 월버그
트랜스포머: 최후의 기사,안소니 홉킨스
트랜스포머: 최후의 기사,로라 하독
트랜스포머: 최후의 기사,조쉬 더하멜
다크 하우스,제시카 론디스
다크 하우스,조 앤더슨
다크 하우스,데이턴 칼리
다크 하우스,린 샤예
언더더씨,오은수
언더더씨,방지원
언더더씨,송영인
언더더씨,조연우
더 서클,엠마 왓슨
더 서클,톰 행크스
박열,이제훈
박열,최희서
박열,김인우
리얼,김수현
리얼,성동일
리얼,이성민
지랄발광 17세,헤일리 스테인펠드
옥자,틸다 스윈튼
옥자,폴 다노
옥자,안서현
부니베어: 로거빅 컴백홈 프로젝트,박상훈
부니베어: 로거빅 컴백홈 프로젝트,홍진욱
부니베어: 로거빅 컴백홈 프로젝트,윤세웅
부니베어: 로거빅 컴백홈 프로젝트,임채헌
부니베어: 로거빅 컴백홈 프로젝트,장병군
부니베어: 로거빅 컴백홈 프로젝트,장위
부니베어: 로거빅 컴백홈 프로젝트,담소
토마스와 친구들: 수수께끼 해적선과 보물찾기,존 해슬러
토마스와 친구들: 수수께끼 해적선과 보물찾기,마크 모라한
스파이더맨: 홈 커밍,톰 홀랜드
스파이더맨: 홈 커밍,로버트 다우니 주니어
스파이더맨: 홈 커밍,마이클 키튼
그 후,권해효
베를린 신드롬,테레사 팔머
베를린 신드롬,막스 리멜트
플립,매들린 캐롤
플립,콜런 맥올리프
내 사랑,에단 호크
내 사랑,샐리 호킨스
카3: 새로운 도전,오웬 윌슨
카3: 새로운 도전,아미 해머
카3: 새로운 도전,크리스텔라 알론조
카3: 새로운 도전,오인성
카3: 새로운 도전,신용우
카3: 새로운 도전,김현심
예수는 역사다,마이크 보겔
47 미터,시스틴 로즈 스탤론
47 미터,소피 넬리스
47 미터,코린 폭스
47 미터,브리안느 츄
내가 죽기 전에 가장 듣고 싶은 말,셜리 맥클레인
내가 죽기 전에 가장 듣고 싶은 말,아만다 사이프리드
내가 죽기 전에 가장 듣고 싶은 말,앤주얼 리 딕슨
덩케르크,톰 하디
덩케르크,마크 라이런스
덩케르크,케네스 브래너
덩케르크,킬리언 머피
덩케르크,핀 화이트헤드
극장판 짱구는 못말려 : 습격!! 외계인 덩덩이,박영남
극장판 짱구는 못말려 : 습격!! 외계인 덩덩이,양정화
극장판 짱구는 못말려 : 습격!! 외계인 덩덩이,김환진
극장판 짱구는 못말려 : 습격!! 외계인 덩덩이,강희선
극장판 짱구는 못말려 : 습격!! 외계인 덩덩이,여민정
극장판 짱구는 못말려 : 습격!! 외계인 덩덩이,정유미
극장판 짱구는 못말려 : 습격!! 외계인 덩덩이,정혜옥
극장판 짱구는 못말려 : 습격!! 외계인 덩덩이,이장원
오즈: 신기한 마법가루,김하영
오즈: 신기한 마법가루,황창영
오즈: 신기한 마법가루,서원석
오즈: 신기한 마법가루,이현
오즈: 신기한 마법가루,이장원
오즈: 신기한 마법가루,송하림
위시 어폰,조이 킹
위시 어폰,이기홍
위시 어폰,시드니 파크
위시 어폰,라이언 필립
슈퍼배드 3,스티브 카렐
슈퍼배드 3,크리스튼 위그
슈퍼배드 3,트레이 파커
군함도,황정민
군함도,소지섭
군함도,송중기
군함도,이정현
군함도,김수안
송 투 송,라이언 고슬링
송 투 송,루니 마라
송 투 송,마이클 패스벤더
송 투 송,나탈리 포트만
택시운전사,송강호
택시운전사,토마스 크레취만
택시운전사,유해진
택시운전사,류준열
명탐정 코난:진홍의 연가,타카야마 미나미
명탐정 코난:진홍의 연가,야마자키 와카나
명탐정 코난:진홍의 연가,코야마 리키야
이모티: 더 무비,심규혁
이모티: 더 무비,김서영
이모티: 더 무비,신경선
이모티: 더 무비,이재현
이모티: 더 무비,한상덕
이모티: 더 무비,김현심
이모티: 더 무비,T.J. 밀러
이모티: 더 무비,제임스 코든
이모티: 더 무비,안나 패리스
이모티: 더 무비,패트릭 스튜어트
이모티: 더 무비,일라나 글레이저
이모티: 더 무비,스티븐 라이트
파리로 가는 길,다이안 레인
파리로 가는 길,알렉 볼드윈
파리로 가는 길,아르노 비야르
청년경찰,박서준
청년경찰,강하늘
빅풋 주니어,우정신
빅풋 주니어,임채헌
빅풋 주니어,박상훈
빅풋 주니어,최정현
빅풋 주니어,홍진욱
빅풋 주니어,이현
빅풋 주니어,김연우
빅풋 주니어,황창영
빅풋 주니어,이소은
빅풋 주니어,김현욱
빅풋 주니어,이규창
애나벨 : 인형의 주인,스테파니 시그만
애나벨 : 인형의 주인,탈리사 베이트먼
애나벨 : 인형의 주인,루루 윌슨
극장판 도라에몽: 진구의 남극 꽁꽁 대모험,채민지
극장판 도라에몽: 진구의 남극 꽁꽁 대모험,김정아
극장판 도라에몽: 진구의 남극 꽁꽁 대모험,미즈타 와사비
극장판 도라에몽: 진구의 남극 꽁꽁 대모험,오오하라 메구미
혹성탈출: 종의 전쟁,앤디 서키스
혹성탈출: 종의 전쟁,우디 해럴슨
드래곤 스펠: 마법 꽃의 비밀,방지원
드래곤 스펠: 마법 꽃의 비밀,이세원
공범자들,이명박
공범자들,김재철
공범자들,김장겸
공범자들,고대영
장산범,염정아
장산범,박혁권
다크타워: 희망의 탑,매튜 맥커너히
다크타워: 희망의 탑,이드리스 엘바
다크타워: 희망의 탑,톰 테일러
브이아이피,김명민
브이아이피,장동건
브이아이피,박희순
브이아이피,이종석
더 테이블,정유미
더 테이블,한예리
더 테이블,정은채
극장판 위 베어 베어스: 곰 브라더스,None
발레리안: 천 개 행성의 도시,데인 드한
발레리안: 천 개 행성의 도시,카라 델러비인
로마의 휴일,그레고리 펙
로마의 휴일,오드리 헵번
킬러의 보디가드,라이언 레이놀즈
킬러의 보디가드,사무엘 L. 잭슨
아토믹 블론드,제임스 맥어보이
아토믹 블론드,소피아 부텔라
아토믹 블론드,샤를리즈 테론
김광석,김광석
살인자의 기억법,설경구
살인자의 기억법,김남길
살인자의 기억법,설현
살인자의 기억법,오달수
그것,빌 스카스가드
그것,제임스 맥어보이
그것,제시카 차스테인
매혹당한 사람들,니콜 키드먼
매혹당한 사람들,커스틴 던스트
매혹당한 사람들,엘르 패닝
매혹당한 사람들,콜린 파렐
저수지 게임,주진우
극장판 에그엔젤 코코밍: 푸르밍과 두근두근 코코밍 세계,이지현
극장판 에그엔젤 코코밍: 푸르밍과 두근두근 코코밍 세계,여윤미
극장판 에그엔젤 코코밍: 푸르밍과 두근두근 코코밍 세계,여민정
극장판 에그엔젤 코코밍: 푸르밍과 두근두근 코코밍 세계,혼도 카에데
극장판 에그엔젤 코코밍: 푸르밍과 두근두근 코코밍 세계,한 메구미
몬스터 섬의 비밀,이장원
몬스터 섬의 비밀,엄상현
몬스터 섬의 비밀,김서영
몬스터 섬의 비밀,윤세웅
몬스터 섬의 비밀,카토리 신고
몬스터 섬의 비밀,야마데라 코이치
몬스터 섬의 비밀,신도 유나
몬스터 섬의 비밀,아베 사다오
베이비 드라이버,안셀 엘고트
베이비 드라이버,케빈 스페이시
베이비 드라이버,릴리 제임스
베이비 드라이버,에이사 곤살레스
베이비 드라이버,존 햄
베이비 드라이버,제이미 폭스
아메리칸 메이드,톰 크루즈
아메리칸 메이드,도널 글리슨
"좋아해, 너를",렌
"좋아해, 너를",아오야기 후미코
몬스터 콜,시고니 위버
몬스터 콜,펠리시티 존스
몬스터 콜,루이스 맥두걸
몬스터 콜,리암 니슨
윈드 리버,제레미 레너
윈드 리버,엘리자베스 올슨
인비저블 게스트,마리오 카사스
아이 캔 스피크,나문희
아이 캔 스피크,이제훈
잃어버린 도시 Z,찰리 허냄
잃어버린 도시 Z,로버트 패틴슨
잃어버린 도시 Z,시에나 밀러
잃어버린 도시 Z,톰 홀랜드
킹스맨: 골든 서클,콜린 퍼스
킹스맨: 골든 서클,줄리안 무어
킹스맨: 골든 서클,태런 에저튼
극장판 요괴워치: 하늘을 나는 고래와 더블세계다냥!,박경혜
극장판 요괴워치: 하늘을 나는 고래와 더블세계다냥!,홍범기
극장판 요괴워치: 하늘을 나는 고래와 더블세계다냥!,김현지
극장판 요괴워치: 하늘을 나는 고래와 더블세계다냥!,김가령
극장판 요괴워치: 하늘을 나는 고래와 더블세계다냥!,정유정
극장판 요괴워치: 하늘을 나는 고래와 더블세계다냥!,방연지
극장판 요괴워치: 하늘을 나는 고래와 더블세계다냥!,정혜옥
극장판 요괴워치: 하늘을 나는 고래와 더블세계다냥!,김율
극장판 요괴워치: 하늘을 나는 고래와 더블세계다냥!,강호철
극장판 요괴워치: 하늘을 나는 고래와 더블세계다냥!,신용우
극장판 요괴워치: 하늘을 나는 고래와 더블세계다냥!,이호산
극장판 요괴워치: 하늘을 나는 고래와 더블세계다냥!,김새해
극장판 요괴워치: 하늘을 나는 고래와 더블세계다냥!,임윤선
극장판 요괴워치: 하늘을 나는 고래와 더블세계다냥!,김정훈
극장판 요괴워치: 하늘을 나는 고래와 더블세계다냥!,정선혜
극장판 요괴워치: 하늘을 나는 고래와 더블세계다냥!,여윤미
극장판 요괴워치: 하늘을 나는 고래와 더블세계다냥!,김보영
극장판 요괴워치: 하늘을 나는 고래와 더블세계다냥!,김채하
극장판 요괴워치: 하늘을 나는 고래와 더블세계다냥!,한신
극장판 요괴워치: 하늘을 나는 고래와 더블세계다냥!,현경수
극장판 요괴워치: 하늘을 나는 고래와 더블세계다냥!,이미자
극장판 요괴워치: 하늘을 나는 고래와 더블세계다냥!,이수진
극장판 요괴워치: 하늘을 나는 고래와 더블세계다냥!,김신우
극장판 요괴워치: 하늘을 나는 고래와 더블세계다냥!,손수호
극장판 요괴워치: 하늘을 나는 고래와 더블세계다냥!,김지율
우리의 20세기,아네트 베닝
우리의 20세기,엘르 패닝
우리의 20세기,그레타 거윅
다시 태어나도 우리,파드마 앙뚜
다시 태어나도 우리,우르갼 리크젠
레고 닌자고 무비,데이브 프랭코
레고 닌자고 무비,올리비아 문
레고 닌자고 무비,저스틴 서룩스
레고 닌자고 무비,성룡
레고 닌자고 무비,마이클 페나
리틀 프린세스 소피아 : 신비한 섬,김미랑
리틀 프린세스 소피아 : 신비한 섬,서지연
리틀 프린세스 소피아 : 신비한 섬,아리엘 윈터
리틀 프린세스 소피아 : 신비한 섬,다시 로즈 번스
범죄도시,마동석
범죄도시,윤계상
남한산성,이병헌
남한산성,김윤석
남한산성,박해일
남한산성,고수
남한산성,박희순
넛잡 2,윌 아넷
넛잡 2,캐서린 헤이글
넛잡 2,성룡
넛잡 2,이사벨라 모너
넛잡 2,마야 루돌프
넛잡 2,세바스찬 매니스칼코
매직울프,톰 펠튼
매직울프,JB 블랭크
매직울프,로스 마퀀드
매직울프,차이나 앤 맥클레인
매직울프,토마스 이안 니콜라스
딥,최여진
딥,류승수
딥,정채율
어메이징 메리,크리스 에반스
어메이징 메리,맥케나 그레이스
어메이징 메리,린제이 던칸
어메이징 메리,제니 슬레이트
어메이징 메리,옥타비아 스펜서
희생부활자,김래원
희생부활자,김해숙
블레이드 러너 2049,라이언 고슬링
블레이드 러너 2049,해리슨 포드
블레이드 러너 2049,아나 드 아르마스
블레이드 러너 2049,실비아 혹스
블레이드 러너 2049,자레드 레토
"나는 내일, 어제의 너와 만난다",후쿠시 소타
"나는 내일, 어제의 너와 만난다",고마츠 나나
나의 엔젤,플뢰르 게프리에
주키퍼스 와이프,제시카 차스테인
주키퍼스 와이프,요한 헬덴베르그
주키퍼스 와이프,다니엘 브륄
대장 김창수,조진웅
대장 김창수,송승헌
지오스톰,제라드 버틀러
지오스톰,짐 스터게스
지오스톰,애비 코니쉬
지오스톰,에드 해리스
마더!,김혜자
마더!,원빈
노 게임 노 라이프 -제로-,마츠오카 요시츠구
노 게임 노 라이프 -제로-,카야노 아이
노 게임 노 라이프 -제로-,히카사 요코
노 게임 노 라이프 -제로-,타무라 유카리
잠깐만 회사 좀 관두고 올게,후쿠시 소타
잠깐만 회사 좀 관두고 올게,쿠도 아스카
너의 췌장을 먹고 싶어,타카스기 마히로
너의 췌장을 먹고 싶어,린
토르: 라그나로크,크리스 헴스워스
토르: 라그나로크,톰 히들스턴
토르: 라그나로크,케이트 블란쳇
유리정원,문근영
유리정원,김태훈
유리정원,서태화
뷰티풀 투모로우,박효신
뷰티풀 투모로우,정재일
배저로와 친구들: 신비한 모험,김기철
배저로와 친구들: 신비한 모험,최한
배저로와 친구들: 신비한 모험,안현서
배저로와 친구들: 신비한 모험,신경선
배저로와 친구들: 신비한 모험,존 F. 브룬고트
배저로와 친구들: 신비한 모험,헤르만 사바도
직쏘,토빈 벨
침묵,최민식
침묵,박신혜
침묵,류준열
침묵,이하늬
침묵,박해준
침묵,조한철
침묵,이수경
부라더,마동석
부라더,이동휘
부라더,이하늬
메소드,박성웅
메소드,윤승아
메소드,오승훈
배드 지니어스,추티몬 충차로엔수킹
배드 지니어스,차논 산티네톤쿤
배드 지니어스,에이샤 호수완
배드 지니어스,티라돈 수파펀핀요
내게 남은 사랑을,성지루
내게 남은 사랑을,전미선
내게 남은 사랑을,권소현
내게 남은 사랑을,홍석
내게 남은 사랑을,이예원
신서유기 : 몽키킹의 부활,조연우
신서유기 : 몽키킹의 부활,오은수
신서유기 : 몽키킹의 부활,신정훈
신서유기 : 몽키킹의 부활,박상우
신서유기 : 몽키킹의 부활,이민형
신서유기 : 몽키킹의 부활,방지원
해피 데스데이,제시카 로테
해피 데스데이,이스라엘 브루사드
해피 데스데이,루비 모딘
해피 데스데이,수라즈 샤르마
러빙 빈센트,제롬 플린
러빙 빈센트,에이단 터너
러빙 빈센트,더글라스 부스
러빙 빈센트,엘리너 톰린슨
러빙 빈센트,헬렌 맥크로리
러빙 빈센트,시얼샤 로넌
러빙 빈센트,크리스 오다우드
채비,고두심
채비,김성균
미옥,김혜수
미옥,이선균
미옥,이희준
극장판 파워레인저: 애니멀포스 VS 닌자포스 미래에서 온 메시지,쇼헤이 난바
극장판 파워레인저: 애니멀포스 VS 닌자포스 미래에서 온 메시지,타테이시 하루카
극장판 파워레인저: 애니멀포스 VS 닌자포스 미래에서 온 메시지,니시카와 슌스케
극장판 파워레인저: 애니멀포스 VS 닌자포스 미래에서 온 메시지,마츠모토 가쿠
극장판 파워레인저: 애니멀포스 VS 닌자포스 미래에서 온 메시지,나카무라 카이토
극장판 파워레인저: 애니멀포스 VS 닌자포스 미래에서 온 메시지,야노 유카
극장판 파워레인저: 애니멀포스 VS 닌자포스 미래에서 온 메시지,야마야 카스미
극장판 파워레인저: 애니멀포스 VS 닌자포스 미래에서 온 메시지,타와다 히데야
리빙보이 인 뉴욕,칼럼 터너
리빙보이 인 뉴욕,제프 브리지스
리빙보이 인 뉴욕,케이트 베킨세일
리빙보이 인 뉴욕,키어시 클레몬스
리빙보이 인 뉴욕,피어스 브로스넌
리빙보이 인 뉴욕,신시아 닉슨
7호실,신하균
7호실,디오
저스티스 리그,벤 애플렉
저스티스 리그,갤 가돗
저스티스 리그,제이슨 모모아
저스티스 리그,레이 피셔
저스티스 리그,에즈라 밀러
저스티스 리그,헨리 카빌
하이큐!! 재능과 센스,양정화
하이큐!! 재능과 센스,심규혁
하이큐!! 재능과 센스,성완경
하이큐!! 재능과 센스,구자형
하이큐!! 재능과 센스,류승곤
하이큐!! 재능과 센스,무라세 아유무
하이큐!! 재능과 센스,이시카와 카이토
하이큐!! 재능과 센스,히노 사토시
하이큐!! 재능과 센스,이리노 미유
하이큐!! 재능과 센스,하야시 이사무
페이트 스테이 나이트 헤븐즈필 제1장 프레시지 플라워,스기야마 노리아키
페이트 스테이 나이트 헤븐즈필 제1장 프레시지 플라워,시타야 노리코
페이트 스테이 나이트 헤븐즈필 제1장 프레시지 플라워,카미야 히로시
페이트 스테이 나이트 헤븐즈필 제1장 프레시지 플라워,카와스미 아야코
페이트 스테이 나이트 헤븐즈필 제1장 프레시지 플라워,우에다 카나
꾼,현빈
꾼,유지태
꾼,배성우
꾼,박성웅
꾼,나나
꾼,안세하
키드냅,할리 베리
래빗 스쿨,황창영
래빗 스쿨,민아
래빗 스쿨,최정현
래빗 스쿨,임채헌
래빗 스쿨,박상훈
역모-반란의 시대,정해인
역모-반란의 시대,김지훈
피터와 모글리의 크리스마스 어드벤처,None
반드시 잡는다,백윤식
반드시 잡는다,성동일
오리엔트 특급 살인,케네스 브래너
오리엔트 특급 살인,페넬로페 크루즈
오리엔트 특급 살인,윌렘 데포
오리엔트 특급 살인,주디 덴치
오리엔트 특급 살인,조니 뎁
오리엔트 특급 살인,조시 게드
오리엔트 특급 살인,데릭 자코비
오리엔트 특급 살인,레슬리 오덤 주니어
오리엔트 특급 살인,미셸 파이퍼
오리엔트 특급 살인,데이지 리들리
기억의 밤,강하늘
기억의 밤,김무열
빅 배드 폭스,None
뽀로로 극장판 공룡섬 대모험,이선
뽀로로 극장판 공룡섬 대모험,이미자
뽀로로 극장판 공룡섬 대모험,함수정
뽀로로 극장판 공룡섬 대모험,홍소영
뽀로로 극장판 공룡섬 대모험,정미숙
뽀로로 극장판 공룡섬 대모험,김서영
뽀로로 극장판 공룡섬 대모험,김환진
메리와 마녀의 꽃,스기사키 하나
메리와 마녀의 꽃,카미키 류노스케
메리와 마녀의 꽃,김영은
메리와 마녀의 꽃,심규혁
산상수훈,백서빈
어쌔신: 더 비기닝,딜런 오브라이언
어쌔신: 더 비기닝,마이클 키튼
어쌔신: 더 비기닝,산나 라단
어쌔신: 더 비기닝,테일러 키취
은혼,오구리 슌
은혼,스다 마사키
은혼,하시모토 칸나
강철비,정우성
강철비,곽도원
스타워즈: 라스트 제다이,마크 해밀
스타워즈: 라스트 제다이,캐리 피셔
스타워즈: 라스트 제다이,아담 드라이버
스타워즈: 라스트 제다이,데이지 리들리
스타워즈: 라스트 제다이,존 보예가
스타워즈: 라스트 제다이,오스카 아이삭
튤립 피버,알리시아 비칸데르
튤립 피버,데인 드한
튤립 피버,크리스토프 왈츠
극장판 숲의 요정 페어리루 ~크리스마스의 기적: 마법의 날개~,조경이
극장판 숲의 요정 페어리루 ~크리스마스의 기적: 마법의 날개~,이재현
극장판 숲의 요정 페어리루 ~크리스마스의 기적: 마법의 날개~,이지현
극장판 숲의 요정 페어리루 ~크리스마스의 기적: 마법의 날개~,윤아영
극장판 숲의 요정 페어리루 ~크리스마스의 기적: 마법의 날개~,남도형
신과함께-죄와 벌,하정우
신과함께-죄와 벌,차태현
신과함께-죄와 벌,주지훈
신과함께-죄와 벌,김향기
신과함께-죄와 벌,김동욱
신과함께-죄와 벌,마동석
위대한 쇼맨,휴 잭맨
위대한 쇼맨,잭 에프론
극장판 포켓몬스터 너로 정했다!,마츠모토 리카
극장판 포켓몬스터 너로 정했다!,오오타니 이쿠에
몬스터 패밀리,김태균
몬스터 패밀리,정찬우
몬스터 패밀리,임채현
몬스터 패밀리,정미숙
몬스터 패밀리,이채헌
몬스터 패밀리,윤아영
몬스터 패밀리,김옥경
패터슨,아담 드라이버
패터슨,골쉬프테 파라하니
더 크리스마스,스티븐 연
더 크리스마스,지나 로드리게스
더 크리스마스,재커리 리바이
더 크리스마스,키건 마이클 키
더 크리스마스,켈리 클락슨
더 크리스마스,패트리샤 히튼
1987,김윤석
1987,하정우
1987,유해진
1987,김태리
1987,박희순
1987,이희준
원더,제이콥 트렘블레이
원더,줄리아 로버츠
원더,오웬 윌슨
극장판 프리파라 모두의 동경♪ 렛츠고☆프리파리,아카네야 히미카
극장판 프리파라 모두의 동경♪ 렛츠고☆프리파리,세리자와 유
극장판 프리파라 모두의 동경♪ 렛츠고☆프리파리,쿠보타 미유
페르디난드,존 시나
쥬만지: 새로운 세계,드웨인 존슨
쥬만지: 새로운 세계,케빈 하트
쥬만지: 새로운 세계,잭 블랙
쥬만지: 새로운 세계,카렌 길런
코코,가엘 가르시아 베르날
코코,안소니 곤잘레스
코코,벤자민 브랫
코코,르네 빅터
다운사이징,맷 데이먼
다운사이징,크리스튼 위그
다운사이징,크리스토프 왈츠
"쏘아올린 불꽃, 밑에서 볼까? 옆에서 볼까?",히로세 스즈
"쏘아올린 불꽃, 밑에서 볼까? 옆에서 볼까?",스다 마사키
"쏘아올린 불꽃, 밑에서 볼까? 옆에서 볼까?",미야노 마모루
하이큐!! 콘셉트의 싸움,양정화
하이큐!! 콘셉트의 싸움,심규혁
하이큐!! 콘셉트의 싸움,성완경
하이큐!! 콘셉트의 싸움,구자형
하이큐!! 콘셉트의 싸움,류승곤
하이큐!! 콘셉트의 싸움,무라세 아유무
하이큐!! 콘셉트의 싸움,이시카와 카이토
하이큐!! 콘셉트의 싸움,히노 사토시
하이큐!! 콘셉트의 싸움,이리노 미유
하이큐!! 콘셉트의 싸움,하야시 이사무
메이즈 러너: 데스 큐어,딜런 오브라이언
메이즈 러너: 데스 큐어,토마스 생스터
메이즈 러너: 데스 큐어,카야 스코델라리오
메이즈 러너: 데스 큐어,이기홍
메이즈 러너: 데스 큐어,월튼 고긴스
그것만이 내 세상,이병헌
그것만이 내 세상,윤여정
그것만이 내 세상,박정민
다키스트 아워,게리 올드만
다키스트 아워,크리스틴 스콧 토마스
다키스트 아워,릴리 제임스
다키스트 아워,벤 멘델존
젝스키스 에이틴,은지원
젝스키스 에이틴,이재진
젝스키스 에이틴,김재덕
젝스키스 에이틴,강성훈
젝스키스 에이틴,장수원
리틀 뱀파이어,짐 카터
리틀 뱀파이어,라스무스 하디커
주문은 토끼입니까 ~Dear my sister~,사쿠라 아야네
주문은 토끼입니까 ~Dear my sister~,미나세 이노리
주문은 토끼입니까 ~Dear my sister~,타네다 리사
주문은 토끼입니까 ~Dear my sister~,사토 사토미
주문은 토끼입니까 ~Dear my sister~,우치다 마아야
1급기밀,김상경
1급기밀,김옥빈
비밥바룰라,박인환
비밥바룰라,신구
비밥바룰라,임현식
비밥바룰라,윤덕용
커뮤터,리암 니슨
극장판 레이디버그: 미라클스톤의 비밀,여민정
극장판 레이디버그: 미라클스톤의 비밀,남도형
인시디어스4: 라스트 키,린 샤예
인시디어스4: 라스트 키,스펜서 로크
인시디어스4: 라스트 키,조시 스튜어트
인시디어스4: 라스트 키,하비에르 보텟
염력,류승룡
염력,심은경
염력,박정민
12 솔져스,크리스 헴스워스
12 솔져스,마이클 섀넌
12 솔져스,마이클 페나
12 솔져스,트레반트 로즈
올 더 머니,미셀 윌리엄스
올 더 머니,크리스토퍼 플러머
올 더 머니,마크 월버그
마야2,김서영
마야2,김명준
마야2,김소희
마야2,윤세웅
마야2,오인실
마야2,임채헌
마야2,이소은
마야2,장병관
마야2,석승훈
마야2,이규창
마야2,민아
더 포리너,성룡
더 포리너,피어스 브로스넌
조선명탐정: 흡혈괴마의 비밀,김명민
조선명탐정: 흡혈괴마의 비밀,오달수
조선명탐정: 흡혈괴마의 비밀,김지원
패딩턴 2,엄상현
겨울왕국의 무민,빌 스카스가드
겨울왕국의 무민,알리시아 비칸데르
겨울왕국의 무민,스텔란 스카스가드
터닝메카드W: 반다인의 비밀 특별판,소연
터닝메카드W: 반다인의 비밀 특별판,윤미나
터닝메카드W: 반다인의 비밀 특별판,이현진
흥부: 글로 세상을 바꾼 자,정우
흥부: 글로 세상을 바꾼 자,김주혁
블랙 팬서,채드윅 보스만
블랙 팬서,마이클 B. 조던
블랙 팬서,루피타 뇽오
명탐정 코난:감벽의 관,김선혜
명탐정 코난:감벽의 관,강수진
명탐정 코난:감벽의 관,이현진
명탐정 코난:감벽의 관,이용신
명탐정 코난:감벽의 관,이정구
명탐정 코난:감벽의 관,타카야마 미나미
명탐정 코난:감벽의 관,야마구치 캇페이
명탐정 코난:감벽의 관,야마자키 와카나
명탐정 코난:감벽의 관,카미야 아키라
골든슬럼버,강동원
골든슬럼버,김의성
골든슬럼버,한효주
골든슬럼버,김성균
골든슬럼버,김대명
50가지 그림자: 해방,다코타 존슨
50가지 그림자: 해방,제이미 도넌
셰이프 오브 워터: 사랑의 모양,샐리 호킨스
셰이프 오브 워터: 사랑의 모양,마이클 섀넌
셰이프 오브 워터: 사랑의 모양,리차드 젠킨스
셰이프 오브 워터: 사랑의 모양,더그 존스
월요일이 사라졌다,누미 라파스
반딧불이 딘딘,방지원
반딧불이 딘딘,조연우
반딧불이 딘딘,신정훈
반딧불이 딘딘,박상우
반딧불이 딘딘,송영인
리틀 포레스트,김태리
리틀 포레스트,류준열
리틀 포레스트,문소리
리틀 포레스트,진기주
궁합,심은경
궁합,이승기
더 포스트,메릴 스트립
더 포스트,톰 행크스
레드 스패로,제니퍼 로렌스
레드 스패로,조엘 에저튼
게이트,정려원
게이트,임창정
게이트,정상훈
게이트,이경영
게이트,이문식
나미야 잡화점의 기적,디리러바
나미야 잡화점의 기적,왕준개
나미야 잡화점의 기적,동자건
사라진 밤,김상경
사라진 밤,김강우
사라진 밤,김희애
온리 더 브레이브,조슈 브롤린
온리 더 브레이브,마일스 텔러
온리 더 브레이브,제프 브리지스
온리 더 브레이브,테일러 키취
플로리다 프로젝트,윌렘 데포
플로리다 프로젝트,브루클린 프린스
플로리다 프로젝트,브리아 비나이트
툼레이더,알리시아 비칸데르
지금 만나러 갑니다,소지섭
지금 만나러 갑니다,손예진
치즈인더트랩,박해진
치즈인더트랩,오연서
로건 럭키,채닝 테이텀
로건 럭키,다니엘 크레이그
로건 럭키,아담 드라이버
로건 럭키,라일리 키오
로건 럭키,힐러리 스웽크
허리케인 하이스트,토비 켑벨
허리케인 하이스트,매기 그레이스
허리케인 하이스트,라이언 콴튼
허리케인 하이스트,랄프 이네슨
쓰리 빌보드,프란시스 맥도맨드
퍼시픽 림: 업라이징,존 보예가
퍼시픽 림: 업라이징,스콧 이스트우드
소공녀,이솜
소공녀,안재홍
미니특공대X,엄상현
미니특공대X,전태열
미니특공대X,이소영
미니특공대X,신용우
콜 미 바이 유어 네임,티모시 샬라메
콜 미 바이 유어 네임,아미 해머
7년의 밤,장동건
7년의 밤,류승룡
7년의 밤,송새벽
7년의 밤,고경표
레디 플레이어 원,마크 라이런스
레디 플레이어 원,사이먼 페그
레디 플레이어 원,올리비아 쿡
레디 플레이어 원,타이 쉐리던
레디 플레이어 원,벤 멘델존
레디 플레이어 원,T.J. 밀러
곤지암,위하준
곤지암,박지현
곤지암,오아연
곤지암,문예원
곤지암,박성훈
곤지암,이승욱
곤지암,유제윤
막달라 마리아: 부활의 증인,루니 마라
막달라 마리아: 부활의 증인,호아킨 피닉스
레이디 버드,시얼샤 로넌
바람 바람 바람,이성민
바람 바람 바람,신하균
바람 바람 바람,송지효
바람 바람 바람,이엘
덕구,이순재
덕구,정지훈
번개맨과 신비의 섬,서홍석
번개맨과 신비의 섬,홍민아
번개맨과 신비의 섬,유수호
문호 스트레이독스 [데드 애플],우에무라 유토
문호 스트레이독스 [데드 애플],미야노 마모루
문호 스트레이독스 [데드 애플],오노 켄쇼
문호 스트레이독스 [데드 애플],타니야마 키쇼
램페이지,드웨인 존슨
램페이지,제프리 딘 모건
램페이지,조 맹가니엘로
"그날, 바다",정우성
머니백,김무열
머니백,박희순
머니백,이경영
머니백,전광렬
머니백,임원희
머니백,오정세
머니백,김민교
콰이어트 플레이스,에밀리 블런트
콰이어트 플레이스,존 크래신스키
스파키,제이스 노먼
달링,앤드류 가필드
달링,클레어 포이
나를 기억해,이유영
나를 기억해,김희원
정글번치: 최강 악당의 등장,최원형
정글번치: 최강 악당의 등장,김민진
정글번치: 최강 악당의 등장,박재현
정글번치: 최강 악당의 등장,김하영
정글번치: 최강 악당의 등장,손윤상
크리미널 스쿼드,제라드 버틀러
크리미널 스쿼드,파블로 쉬레이버
크리미널 스쿼드,50센트
크리미널 스쿼드,오시어 잭슨 주니어
무문관,None
몬태나,크리스찬 베일
몬태나,로자먼드 파이크
몬태나,웨스 스투디
몬태나,벤 포스터
당신의 부탁,임수정
당신의 부탁,윤찬영
어벤져스: 인피니티 워,로버트 다우니 주니어
어벤져스: 인피니티 워,조슈 브롤린
어벤져스: 인피니티 워,마크 러팔로
어벤져스: 인피니티 워,톰 히들스턴
어벤져스: 인피니티 워,크리스 에반스
어벤져스: 인피니티 워,크리스 헴스워스
어벤져스: 인피니티 워,제레미 레너
어벤져스: 인피니티 워,스칼렛 요한슨
당갈,아미르 칸
당갈,파티마 사나 셰이크
당갈,산야 말호트라
살인소설,지현우
살인소설,오만석
살인소설,이나라
살인소설,김학철
살인소설,조은지
아기곰 보보 구출 대작전,허성재
아기곰 보보 구출 대작전,조연우
아기곰 보보 구출 대작전,박상우
클레어의 카메라,이자벨 위페르
클레어의 카메라,김민희
클레어의 카메라,장미희
클레어의 카메라,정진영
레오나르도 다 빈치,김명준
챔피언,마동석
챔피언,권율
챔피언,한예리
매직빈,황창영
매직빈,민아
매직빈,장병관
매직빈,진패사
매직빈,계관림
"부르고뉴, 와인에서 찾은 인생",피오 마르마이
"부르고뉴, 와인에서 찾은 인생",아나 지라르도
"부르고뉴, 와인에서 찾은 인생",프랑수와 시빌
커다랗고 커다랗고 커다란 배,이소은
커다랗고 커다랗고 커다란 배,이제인
커다랗고 커다랗고 커다란 배,윤세웅
커다랗고 커다랗고 커다란 배,이규창
커다랗고 커다랗고 커다란 배,김현수
얼리맨,에디 레드메인
얼리맨,톰 히들스턴
얼리맨,메이지 윌리엄스
원더스트럭,줄리안 무어
원더스트럭,오크스 페글리
원더스트럭,미셀 윌리엄스
원더스트럭,밀리센트 시먼즈
샷 콜러,니콜라이 코스터 왈도
레슬러,유해진
레슬러,김민재
레슬러,이성경
루비 스팍스,폴 다노
루비 스팍스,조 카잔
중2병이라도 사랑이 하고 싶어! 테이크 온 미,후쿠야마 쥰
중2병이라도 사랑이 하고 싶어! 테이크 온 미,우치다 마아야
씨 오브 트리스,매튜 맥커너히
씨 오브 트리스,나오미 왓츠
보리 vs 매켄로,스베리르 구드나슨
보리 vs 매켄로,샤이아 라보프
피터 래빗,제임스 코든
피터 래빗,도널 글리슨
피터 래빗,로즈 번
피터 래빗,샘 닐
피터 래빗,신용우
피터 래빗,엄상현
피터 래빗,우정신
피터 래빗,김무규
"안녕, 나의 소녀",류이호
"안녕, 나의 소녀",송운화
데드풀 2,라이언 레이놀즈
데드풀 2,프레드 세비지
데드풀 2,조슈 브롤린
데드풀 2,재지 비츠
데드풀 2,모레나 바카린
데드풀 2,줄리안 데니슨
임을 위한 행진곡,김꽃비
임을 위한 행진곡,김부선
임을 위한 행진곡,전수현
임을 위한 행진곡,김채희
버닝,유아인
버닝,스티븐 연
버닝,전종서
마징가 Z: 인피니티,김영선
마징가 Z: 인피니티,홍시호
마징가 Z: 인피니티,이지현
마징가 Z: 인피니티,모리쿠보 쇼타로
마징가 Z: 인피니티,카야노 아이
5.18 힌츠페터 스토리,위르겐 힌츠페터
5.18 힌츠페터 스토리,조성하
다이노 헌터: 티렉스VS파키리노 대격돌,None
독전,조진웅
독전,류준열
독전,김성령
독전,박해준
독전,차승원
독전,김주혁
트루스 오어 데어,루시 헤일
트루스 오어 데어,타일러 포시
한 솔로: 스타워즈 스토리,엘든 이렌리치
한 솔로: 스타워즈 스토리,요나스 수오타모
한 솔로: 스타워즈 스토리,우디 해럴슨
한 솔로: 스타워즈 스토리,에밀리아 클라크
위 베어 베어스: 베이비 베어스,None
서산개척단,정영철
서산개척단,하용복
서산개척단,윤기숙
서산개척단,정화자
서산개척단,이상범
서산개척단,손연복
"세라비, 이것이 인생!",장 피에르 바크리
"세라비, 이것이 인생!",질 를르슈
"세라비, 이것이 인생!",수잔 클레망
"세라비, 이것이 인생!",장 폴 루브
데자뷰,이천희
데자뷰,남규리
데자뷰,이규한
"스탠바이, 웬디",다코타 패닝
"스탠바이, 웬디",토니 콜레트
꼬마영웅 바비,김명준
꼬마영웅 바비,최낙윤
꼬마영웅 바비,안현서
꼬마영웅 바비,이인석
꼬마영웅 바비,김주호
꼬마영웅 바비,김민성
디트로이트,존 보예가
디트로이트,안소니 마키
디트로이트,윌 폴터
아이 필 프리티,에이미 슈머
아이 필 프리티,미셀 윌리엄스
쥬라기 월드: 폴른 킹덤,크리스 프랫
쥬라기 월드: 폴른 킹덤,브라이스 달라스 하워드
극장판 포켓몬스터DP - 디아루가 VS 펄기아 VS 다크라이,임채헌
극장판 포켓몬스터DP - 디아루가 VS 펄기아 VS 다크라이,이선호
극장판 포켓몬스터DP - 디아루가 VS 펄기아 VS 다크라이,정미숙
극장판 포켓몬스터DP - 디아루가 VS 펄기아 VS 다크라이,변영희
극장판 포켓몬스터DP - 디아루가 VS 펄기아 VS 다크라이,마츠모토 리카
극장판 포켓몬스터DP - 디아루가 VS 펄기아 VS 다크라이,오오타니 이쿠에
극장판 포켓몬스터DP - 디아루가 VS 펄기아 VS 다크라이,토요구치 메구미
극장판 포켓몬스터DP - 디아루가 VS 펄기아 VS 다크라이,우에다 유지
벅스 프렌즈,김소희
벅스 프렌즈,윤세웅
벅스 프렌즈,석승훈
호비와 매직 아일랜드,미나미 오미
호비와 매직 아일랜드,타카하시 미키
유전,토니 콜레트
유전,알렉스 울프
유전,밀리 샤피로
오션스8,산드라 블록
오션스8,케이트 블란쳇
오션스8,앤 해서웨이
오션스8,민디 캘링
오션스8,사라 폴슨
오션스8,아콰피나
오션스8,리한나
오션스8,헬레나 본햄 카터
탐정: 리턴즈,권상우
탐정: 리턴즈,성동일
탐정: 리턴즈,이광수
토니스토리2: 고철왕국의 친구들,신정훈
토니스토리2: 고철왕국의 친구들,이민형
토니스토리2: 고철왕국의 친구들,오은수
토니스토리2: 고철왕국의 친구들,송영인
토니스토리2: 고철왕국의 친구들,크리스토프 마리아 허브스트
토니스토리2: 고철왕국의 친구들,옐라 하세
바르다가 사랑한 얼굴들,아녜스 바르다
바르다가 사랑한 얼굴들,제이알
바르다가 사랑한 얼굴들,미미
류이치 사카모토: 코다,사카모토 류이치
여중생A,김환희
여중생A,수호
아일라,이스마일 하지오글루
아일라,김설
미드나잇 선,벨라 손
미드나잇 선,패트릭 슈왈제네거
더 펜션,조재윤
더 펜션,조한철
더 펜션,박효주
더 펜션,박혁권
더 펜션,이영진
더 펜션,김태훈
더 펜션,신소율
더 펜션,이이경
더 펜션,황선희
개들의 섬,브라이언 크랜스턴
개들의 섬,에드워드 노튼
개들의 섬,빌 머레이
개들의 섬,제프 골드블럼
개들의 섬,리브 슈라이버
개들의 섬,스칼렛 요한슨
개들의 섬,틸다 스윈튼
개들의 섬,프란시스 맥도맨드
유니콘 원정대: 비밀의 다이어리,최원형
유니콘 원정대: 비밀의 다이어리,변종필
유니콘 원정대: 비밀의 다이어리,장은숙
유니콘 원정대: 비밀의 다이어리,안종덕
유니콘 원정대: 비밀의 다이어리,장경희
마녀,김다미
마녀,조민수
마녀,박희순
마녀,최우식
허스토리,김희애
허스토리,김해숙
빅샤크: 매직체인지,이제인
빅샤크: 매직체인지,장병관
빅샤크: 매직체인지,김사라
빅샤크: 매직체인지,김한나
빅샤크: 매직체인지,윤세웅
빅샤크: 매직체인지,홍후백
시카리오: 데이 오브 솔다도,조슈 브롤린
시카리오: 데이 오브 솔다도,베니치오 델 토로
시카리오: 데이 오브 솔다도,이사벨라 모너
시카리오: 데이 오브 솔다도,캐서린 키너
앤트맨과 와스프,폴 러드
앤트맨과 와스프,에반젤린 릴리
변산,박정민
변산,김고은
드래곤 프린세스,None
스카이스크래퍼,드웨인 존슨
"오늘 밤, 로맨스 극장에서",아야세 하루카
"오늘 밤, 로맨스 극장에서",사카구치 켄타로
킬링 디어,콜린 파렐
킬링 디어,니콜 키드먼
킬링 디어,배리 케오간
꼬마 보트 토토: 타요 타요 배 타요,엄현정
꼬마 보트 토토: 타요 타요 배 타요,삼타 샤르마
속닥속닥,소주연
속닥속닥,김민규
속닥속닥,김영
속닥속닥,김태민
속닥속닥,최희진
속닥속닥,박진
속닥속닥,신재승
속닥속닥,고우리
인크레더블 2,크레이그 T. 넬슨
인크레더블 2,홀리 헌터
인크레더블 2,사라 보웰
인크레더블 2,헉 밀너
인크레더블 2,사무엘 L. 잭슨
호텔 아르테미스,조디 포스터
호텔 아르테미스,데이브 바티스타
호텔 아르테미스,스털링 K. 브라운
호텔 아르테미스,소피아 부텔라
호텔 아르테미스,제프 골드블럼
독전: 익스텐디드 컷,조진웅
독전: 익스텐디드 컷,류준열
독전: 익스텐디드 컷,김성령
독전: 익스텐디드 컷,박해준
독전: 익스텐디드 컷,차승원
독전: 익스텐디드 컷,김주혁
이별의 아침에 약속의 꽃을 장식하자,이와미 마나카
이별의 아침에 약속의 꽃을 장식하자,이리노 미유
신은 죽지 않았다 3: 어둠 속의 빛,데이빗 A.R. 화이트
신은 죽지 않았다 3: 어둠 속의 빛,존 코빗
미션 임파서블: 폴아웃,톰 크루즈
신비아파트: 금빛 도깨비와 비밀의 동굴,조현정
신비아파트: 금빛 도깨비와 비밀의 동굴,김영은
신비아파트: 금빛 도깨비와 비밀의 동굴,김채하
신비아파트: 금빛 도깨비와 비밀의 동굴,신용우
인랑,None
해적왕 작스톰,엄상현
해적왕 작스톰,이주창
해적왕 작스톰,정선혜
해적왕 작스톰,최석필
해적왕 작스톰,최낙윤
해적왕 작스톰,김영선
어느 가족,릴리 프랭키
어느 가족,안도 사쿠라
어느 가족,마츠오카 마유
어느 가족,키키 키린
어느 가족,죠 카이리
어느 가족,사사키 미유
신과함께-인과 연,하정우
신과함께-인과 연,주지훈
신과함께-인과 연,김향기
신과함께-인과 연,마동석
신과함께-인과 연,김동욱
극장판 헬로카봇 : 백악기 시대,이지현
더 스퀘어,클라에스 방
더 스퀘어,도미닉 웨스트
더 스퀘어,엘리자베스 모스
맘마미아!2,아만다 사이프리드
맘마미아!2,릴리 제임스
맘마미아!2,메릴 스트립
맘마미아!2,피어스 브로스넌
맘마미아!2,제레미 어바인
맘마미아!2,콜린 퍼스
맘마미아!2,휴 스키너
맘마미아!2,스텔란 스카스가드
맘마미아!2,조쉬 딜란
공작,황정민
공작,이성민
공작,조진웅
공작,주지훈
몬스터 호텔 3,아담 샌들러
몬스터 호텔 3,셀레나 고메즈
몬스터 호텔 3,앤디 샘버그
명탐정 코난 : 제로의 집행인,타카야마 미나미
명탐정 코난 : 제로의 집행인,야마자키 와카나
명탐정 코난 : 제로의 집행인,코야마 리키야
메가로돈,도미닉 페이스
메가로돈,캐롤라인 해리스
메가로돈,마이클 매드슨
목격자,이성민
목격자,김상호
목격자,진경
목격자,곽시양
극장판 도라에몽: 진구의 보물섬,윤아영
극장판 도라에몽: 진구의 보물섬,김정아
극장판 도라에몽: 진구의 보물섬,미즈타 와사비
극장판 도라에몽: 진구의 보물섬,오오하라 메구미
플로이,하하
나를 차버린 스파이,밀라 쿠니스
나를 차버린 스파이,케이트 맥키넌
너의 결혼식,박보영
너의 결혼식,김영광
마일22,마크 월버그
서치,존 조
서치,데브라 메싱
상류사회,박해일
상류사회,수애
업그레이드,로간 마샬그린
어드리프트:우리가 함께한 바다,쉐일린 우들리
어드리프트:우리가 함께한 바다,샘 클래플린
양말요정 휴고의 대모험,조연우
양말요정 휴고의 대모험,크리스토프 하데크
물괴,김명민
물괴,김인권
물괴,혜리
물괴,박성웅
물괴,박희순
물괴,이경영
물괴,최우식
더 프레데터,보이드 홀브룩
더 프레데터,올리비아 문
더 프레데터,트레반트 로즈
더 프레데터,스털링 K. 브라운
더 프레데터,제이콥 트렘블레이
더 프레데터,키건 마이클 키
바니부기: 드래곤 에그를 찾아서,호정
바니부기: 드래곤 에그를 찾아서,주미
더 게스트,레이첼 니콜스
더 게스트,로라 해링
타샤 튜더,타샤 튜더
죄 많은 소녀,전여빈
죄 많은 소녀,서영화
죄 많은 소녀,고원희
더 넌,테이사 파미가
더 넌,데미안 비쉬어
더 넌,보니 아론스
더 넌,샬롯 호프
협상,손예진
협상,현빈
명당,조승우
명당,지성
명당,김성균
명당,문채원
명당,유재명
명당,박충선
명당,백윤식
안시성,조인성
안시성,남주혁
안시성,박성웅
극장판 뽀잉: 슈퍼 변신의 비밀,전태열
극장판 뽀잉: 슈퍼 변신의 비밀,엄상현
극장판 뽀잉: 슈퍼 변신의 비밀,홍소영
극장판 뽀잉: 슈퍼 변신의 비밀,정영웅
루이스,김서영
루이스,칼럼 말로니
극장판 요괴워치 섀도사이드: 도깨비왕의 부활,여민정
극장판 요괴워치 섀도사이드: 도깨비왕의 부활,한채언
극장판 요괴워치 섀도사이드: 도깨비왕의 부활,김지율
극장판 요괴워치 섀도사이드: 도깨비왕의 부활,홍범기
극장판 요괴워치 섀도사이드: 도깨비왕의 부활,소정환
극장판 요괴워치 섀도사이드: 도깨비왕의 부활,강성우
극장판 요괴워치 섀도사이드: 도깨비왕의 부활,신용우
극장판 요괴워치 섀도사이드: 도깨비왕의 부활,이호산
체실 비치에서,빌리 하울
체실 비치에서,시얼샤 로넌
에그엔젤 코코밍: 두근두근 핼러윈 파티,None
원더풀 고스트,마동석
원더풀 고스트,김영광
원더풀 고스트,이유영
파이널 포트레이트,제프리 러쉬
파이널 포트레이트,아미 해머
파이널 포트레이트,실비 테스튀
파이널 포트레이트,클레멘스 포시
암수살인,김윤석
암수살인,주지훈
베놈,톰 하디
베놈,미셀 윌리엄스
곰돌이 푸 다시 만나 행복해,이완 맥그리거
곰돌이 푸 다시 만나 행복해,헤일리 앳웰
곰돌이 푸 다시 만나 행복해,마크 거티스
곰돌이 푸 다시 만나 행복해,짐 커밍스
셜록 놈즈,조니 뎁
셜록 놈즈,에밀리 블런트
셜록 놈즈,제임스 맥어보이
셜록 놈즈,장민혁
셜록 놈즈,박영재
셜록 놈즈,정주원
셜록 놈즈,장예나
스타 이즈 본,브래들리 쿠퍼
스타 이즈 본,레이디 가가
극장판 가면라이더 이그제이드: 트루 엔딩,김혜성
극장판 가면라이더 이그제이드: 트루 엔딩,류승곤
극장판 가면라이더 이그제이드: 트루 엔딩,이호산
극장판 가면라이더 이그제이드: 트루 엔딩,정재헌
극장판 가면라이더 이그제이드: 트루 엔딩,김연우
극장판 가면라이더 이그제이드: 트루 엔딩,박성영
극장판 가면라이더 이그제이드: 트루 엔딩,서반석
극장판 가면라이더 이그제이드: 트루 엔딩,이이지마 히로키
극장판 가면라이더 이그제이드: 트루 엔딩,세토 토시키
극장판 가면라이더 이그제이드: 트루 엔딩,마츠모토 우쿄
리즈와 파랑새,타네자키 아츠미
리즈와 파랑새,토야마 나오
다이노 어드벤처2: 육해공 공룡 대백과,None
노크: 초대받지 않은 손님,베일리 매디슨
노크: 초대받지 않은 손님,루이스 풀먼
노크: 초대받지 않은 손님,크리스티나 헨드릭스
노크: 초대받지 않은 손님,마틴 헨더슨
미쓰백,한지민
미쓰백,김시아
미쓰백,이희준
에브리데이,앵거리 라이스
에브리데이,저스티스 스미스
에브리데이,오웬 티그
에브리데이,제이콥 배털런
에브리데이,루카스 제이드 주먼
킨: 더 비기닝,마일스 트루잇
킨: 더 비기닝,잭 레이너
킨: 더 비기닝,조 크라비츠
퍼스트맨,라이언 고슬링
퍼스트맨,클레어 포이
펭귄 하이웨이,키타 카나
펭귄 하이웨이,아오이 유우
펭귄 하이웨이,김서영
배반의 장미,김인권
배반의 장미,정상훈
배반의 장미,손담비
배반의 장미,김성철
액슬,알렉스 뉴이스테터
창궐,현빈
창궐,장동건
윌리,허성재
윌리,조연우
윌리,방지원
윌리,송영인
윌리,신정훈
윌리,박상우
윌리,오기 뱅크스
윌리,개빈 얍
크레이지 리치 아시안,콘스탄스 우
크레이지 리치 아시안,헨리 골딩
크레이지 리치 아시안,양자경
크레이지 리치 아시안,젬마 찬
크레이지 리치 아시안,아콰피나
완벽한 타인,유해진
완벽한 타인,조진웅
완벽한 타인,이서진
완벽한 타인,염정아
완벽한 타인,김지수
완벽한 타인,송하윤
완벽한 타인,윤경호
바울,제임스 펄크너
바울,제임스 카비젤
보헤미안 랩소디,라미 말렉
보헤미안 랩소디,루시 보인턴
보헤미안 랩소디,귈림 리
보헤미안 랩소디,벤 하디
보헤미안 랩소디,조셉 마젤로
벽 속에 숨은 마법시계,잭 블랙
벽 속에 숨은 마법시계,케이트 블란쳇
벽 속에 숨은 마법시계,오웬 바카로
할로윈,제이미 리 커티스
할로윈,주디 그리어
나츠메 우인장: 세상과 연을 맺다,카미야 히로시
나츠메 우인장: 세상과 연을 맺다,이노우에 카즈히코
폴란드로 간 아이들,추상미
폴란드로 간 아이들,이송
캡틴 스터비,로건 레먼
캡틴 스터비,제라르 드파르디외
캡틴 스터비,헬레나 본햄 카터
구스범스: 몬스터의 역습,웬디 맥렌던 커비
구스범스: 몬스터의 역습,매디슨 아이즈먼
구스범스: 몬스터의 역습,크리스 파넬
구스범스: 몬스터의 역습,켄 정
동네사람들,마동석
동네사람들,김새론
동네사람들,이상엽
알리바이 닷 컴,필립 라쇼
알리바이 닷 컴,엘로디 퐁탕
박물관이 진짜 살아있다,None
여곡성,서영희
여곡성,손나은
여곡성,이태리
여곡성,박민지
신비한 동물들과 그린델왈드의 범죄,에디 레드메인
신비한 동물들과 그린델왈드의 범죄,캐서린 워터스톤
신비한 동물들과 그린델왈드의 범죄,앨리슨 수돌
신비한 동물들과 그린델왈드의 범죄,에즈라 밀러
신비한 동물들과 그린델왈드의 범죄,주드 로
신비한 동물들과 그린델왈드의 범죄,조니 뎁
신비한 동물들과 그린델왈드의 범죄,칼럼 터너
출국,이범수
번 더 스테이지: 더 무비,RM
번 더 스테이지: 더 무비,진
번 더 스테이지: 더 무비,슈가
번 더 스테이지: 더 무비,제이홉
번 더 스테이지: 더 무비,지민
번 더 스테이지: 더 무비,뷔
번 더 스테이지: 더 무비,정국
번 더 스테이지: 더 무비,방탄소년단
너의 췌장을 먹고 싶어,타카스기 마히로
너의 췌장을 먹고 싶어,린
로빈슨의 언더워터 어드벤처,None
해피 투게더,박성웅
해피 투게더,송새벽
해피 투게더,최로운
성난황소,마동석
성난황소,송지효
성난황소,김성오
베일리 어게인,조시 게드
베일리 어게인,데니스 퀘이드
꼬마비행기 피티와 친구들:사막구출 대작전,치엔 펑
꼬마비행기 피티와 친구들:사막구출 대작전,제임스 라라비
툴리,맥켄지 데이비스
툴리,샤를리즈 테론
캡틴 샤키,최정현
캡틴 샤키,김경희
캡틴 샤키,민아
캡틴 샤키,박상훈
캡틴 샤키,석승훈
캡틴 샤키,홍진욱
캡틴 샤키,안톤 페촐트
캡틴 샤키,율레 헤르만
캡틴 샤키,악셀 프랄
국가부도의 날,김혜수
국가부도의 날,유아인
국가부도의 날,허준호
국가부도의 날,조우진
거미줄에 걸린 소녀,클레어 포이
후드,태런 에저튼
후드,제이미 폭스
후드,벤 멘델존
후드,제이미 도넌
후드,이브 휴슨
후드,폴 앤더슨
투 프렌즈,None
모털 엔진,헤라 힐마
모털 엔진,로버트 시한
모털 엔진,휴고 위빙
모털 엔진,지혜
모털 엔진,스티븐 랭
런닝맨 : 풀룰루의 역습,김서영
런닝맨 : 풀룰루의 역습,권창욱
런닝맨 : 풀룰루의 역습,엄상현
런닝맨 : 풀룰루의 역습,김연우
런닝맨 : 풀룰루의 역습,강시현
런닝맨 : 풀룰루의 역습,전태열
도어락,공효진
호두까기 인형과 4개의 왕국,맥켄지 포이
호두까기 인형과 4개의 왕국,키이라 나이틀리
호두까기 인형과 4개의 왕국,헬렌 미렌
호두까기 인형과 4개의 왕국,모건 프리먼
번개맨의 비밀,서홍석
번개맨의 비밀,유수호
헌터 킬러,제라드 버틀러
헌터 킬러,게리 올드만
트와이스랜드,None
스파이더맨: 뉴 유니버스,샤메익 무어
스파이더맨: 뉴 유니버스,헤일리 스테인펠드
스파이더맨: 뉴 유니버스,니콜라스 케이지
스파이더맨: 뉴 유니버스,제이크 존슨
스파이더맨: 뉴 유니버스,리브 슈라이버
스파이더맨: 뉴 유니버스,마허샬라 알리
모어 댄 블루,류이호
모어 댄 블루,진의함
부탁 하나만 들어줘,안나 켄드릭
부탁 하나만 들어줘,블레이크 라이블리
엘리엇과 산타 썰매단,최원형
엘리엇과 산타 썰매단,장경희
엘리엇과 산타 썰매단,조쉬 허처슨
엘리엇과 산타 썰매단,사만다 비
스윙키즈,디오
스윙키즈,자레드 그라임스
스윙키즈,박혜수
스윙키즈,오정세
스윙키즈,김민호
마약왕,송강호
마약왕,조정석
마약왕,배두나
아쿠아맨,제이슨 모모아
아쿠아맨,앰버 허드
아쿠아맨,니콜 키드먼
아쿠아맨,패트릭 윌슨
그린치,베네딕트 컴버배치
극장판 짱구는 못말려: 아뵤! 쿵후 보이즈 ~라면 대란~,박영남
극장판 짱구는 못말려: 아뵤! 쿵후 보이즈 ~라면 대란~,강희선
극장판 짱구는 못말려: 아뵤! 쿵후 보이즈 ~라면 대란~,김환진
극장판 짱구는 못말려: 아뵤! 쿵후 보이즈 ~라면 대란~,여민정
극장판 포켓몬스터 모두의 이야기,마츠모토 리카
극장판 포켓몬스터 모두의 이야기,오오타니 이쿠에
범블비,헤일리 스테인펠드
범블비,존 시나
점박이 한반도의 공룡2 : 새로운 낙원,박희순
점박이 한반도의 공룡2 : 새로운 낙원,라미란
점박이 한반도의 공룡2 : 새로운 낙원,김성균
PMC: 더 벙커,하정우
PMC: 더 벙커,이선균
