movieNm,directors,actors
셜록: 유령신부,더글라스 맥키넌,베네딕트 컴버배치|마틴 프리먼
포인트 브레이크,에릭슨 코어,루크 브레시|에드가 라미레즈|테레사 팔머
짱구는 못말려 극장판: 나의 이사 이야기 선인장 대습격,하시모토 마사카즈,박영남|김환진|강희선|여민정|야지마 아키코|나라하시 미키|후지와라 케이지|코오로기 사토미
굿 다이노,피터 손,레이몬드 오초아|잭 브라이트
나를 잊지 말아요,이윤정,정우성|김하늘
유스,파올로 소렌티노,마이클 케인|하비 케이틀|레이첼 와이즈|폴 다노|제인 폰다
헤이트풀8,쿠엔틴 타란티노,사무엘 L. 잭슨|커트 러셀|제니퍼 제이슨 리|월튼 고긴스|데미안 비쉬어|팀 로스|마이클 매드슨|브루스 던|채닝 테이텀
잡아야 산다,오인천,김승우|김정태
레버넌트: 죽음에서 돌아온 자,알레한드로 곤잘레스 이냐리투,레오나르도 디카프리오|톰 하디
구스범스,아리 샌델,웬디 맥렌던 커비|매디슨 아이즈먼|크리스 파넬|켄 정
그날의 분위기,조규장,문채원|유연석
오빠생각,이한,임시완|정준원|이레|고아성|이희준
극장판 꼬마버스 타요의 에이스 구출작전,류정우,문남숙|정혜옥|최하나|김영선
빅쇼트,아담 맥케이,크리스찬 베일|스티브 카렐|라이언 고슬링|브래드 피트
스티브 잡스,대니 보일,마이클 패스벤더|케이트 윈슬렛|세스 로건
"로봇, 소리",이호재,이성민|이희준|이하늬|김원해|채수빈|전혜진|심은경
쿵푸팬더3,여인영|알레산드로 칼로니,잭 블랙|안젤리나 졸리|더스틴 호프만
세기의 매치,에드워드 즈윅,토비 맥과이어|리브 슈라이버|피터 사스가드
검사외전,이일형,황정민|강동원
최강전사 미니특공대: 영웅의 탄생,이영준,None
캐롤,토드 헤인즈,케이트 블란쳇|루니 마라
앨빈과 슈퍼밴드: 악동 어드벤처,월트 베커,저스틴 롱|제이슨 리|매튜 그레이 구블러|제시 맥카트니
나쁜놈은 죽는다,손호,손예진|진백림
드레스메이커,조슬린 무어하우스,케이트 윈슬렛|주디 데이비스|리암 헴스워스|휴고 위빙
극장판 아이엠스타 : 꿈의 오디션!,키무라 류이치,정혜원|이용신|김채하|소연|여윤미|모로호시 스미레|타도코로 아즈사|오오하시 아야카
번개맨,강유선,서홍석|유수호
주토피아,바이런 하워드|리치 무어,지니퍼 굿윈|제이슨 베이트먼
좋아해줘,박현진,이미연|최지우|김주혁|유아인|강하늘|이솜
데드풀,데이비드 레이치,라이언 레이놀즈|프레드 세비지|조슈 브롤린|재지 비츠|모레나 바카린|줄리안 데니슨
동주,이준익,강하늘|박정민
대니쉬 걸,톰 후퍼,에디 레드메인|알리시아 비칸데르
빌리와 용감한 녀석들: 치킨 히어로,가브리엘 리바 팔라시오 알라트리스테|로돌포 리바 팔라시오 알라트리스테,이재범|김혜성|이경태|브루노 비처|안젤리카 베일|오마르 차파로
스포트라이트,토마스 맥카시,마이클 키튼|마크 러팔로|레이첼 맥아담스
귀향,조정래,박지희|강하나|서미지|홍세나|김시은|남상지|최리|정무성|김민수|류신|임성철|이승현|오지혜|정인기
순정,이은희,디오|김소현|연준석|이다윗|주아름|박해준|김지호|박용우
레터스 투 갓,데이빗 닉슨|패트릭 도티,태너 맥과이어|제프리 존슨|로빈 리블리
제 5침공,J 블레이크슨,클로이 모레츠
남과 여,이윤기,전도연|공유
13시간,마이클 베이,존 크래신스키|제임스 뱃지 데일|맥스 마티니|파블로 쉬레이버|데이비드 덴맨|토비 스티븐스|도미닉 푸무사
룸,레니 애브라함슨,브리 라슨|제이콥 트렘블레이|조안 알렌
갓 오브 이집트,알렉스 프로야스,제라드 버틀러|니콜라이 코스터 왈도|브렌튼 스웨이츠
널 기다리며,모홍진,심은경|윤제문|김성오
런던 해즈 폴른,바박 나자피,제라드 버틀러|아론 에크하트|모건 프리먼
엽문3: 최후의 대결,엽위신,견자단|장진|슝다이린|담요문
조이,데이비드 O. 러셀,제니퍼 로렌스|로버트 드 니로|브래들리 쿠퍼
일사각오,권혁만,이지형
부활,케빈 레이놀즈,조셉 파인즈
스푹스:MI5,바랫 낼러리,키트 해링턴|피터 퍼스|제니퍼 엘|엘예스 가벨
오 마이 그랜파,댄 메이저,로버트 드 니로|잭 에프론
배트맨 대 슈퍼맨: 저스티스의 시작,잭 스나이더,벤 애플렉|헨리 카빌
글로리데이,최정열,지수|수호|류준열|김희찬
"헤일, 시저!",에단 코엔|조엘 코엔,조슈 브롤린|조지 클루니|스칼렛 요한슨|랄프 파인즈|채닝 테이텀|틸다 스윈튼|엘든 이렌리치|조나 힐
대배우,석민우,오달수|윤제문|이경영
나의 그리스식 웨딩 2,커크 존스,니아 발다로스|존 코빗|엘레나 캠푸리스
포레스트: 죽음의 숲,제이슨 자다,나탈리 도머|테일러 키니
마음이 외치고 싶어해,쿠마자와 나오토,나카지마 켄토|요시네 쿄코|이시이 안나|칸이치로
미스컨덕트,신타로 시모사와,조쉬 더하멜|안소니 홉킨스|알 파치노|이병헌
"날, 보러와요",이철하,강예원|이상윤|최진호
클로버필드 10번지,댄 트라첸버그,메리 엘리자베스 윈스티드|존 굿맨|존 갤러거 주니어
독수리 에디,덱스터 플레처,태런 에저튼|휴 잭맨
33,패트리시아 리건,안토니오 반데라스|로드리고 산토로|줄리엣 비노쉬
트럼보,제이 로치,브라이언 크랜스턴|다이안 레인|헬렌 미렌|엘르 패닝
라스트 홈,라민 바흐라니,앤드류 가필드|마이클 섀넌
해어화,박흥식,한효주|천우희|유연석
시간이탈자,곽재용,임수정|조정석|이진욱
헌츠맨: 윈터스 워,세드릭 니콜라스-트로얀,크리스 헴스워스|에밀리 블런트|제시카 차스테인|샤를리즈 테론
극장판 프랭키와 친구들: 생명의 나무,박정오,이소은|안영미|김민정|최승훈
4등,정지우,박해준|이항나|유재상
트리플 9,존 힐코트,치웨텔 에지오포|케이트 윈슬렛|안소니 마키|우디 해럴슨|캐시 애플렉|노만 리더스|아론 폴|갤 가돗|테레사 팔머
브루클린,존 크로울리,도널 글리슨|시얼샤 로넌
파라노말 액티비티: 더 고스트 디멘션,그레고리 플롯킨,크리스 J. 머레이|브릿 쇼
위대한 소원,남대중,류덕환|김동영|안재홍|전노민|전미선
캡틴 아메리카: 시빌 워,안소니 루소|조 루소,크리스 에반스|로버트 다우니 주니어
태양 아래,비탈리 만스키|비탈리 만스키,None
시크릿 인 데어 아이즈,빌리 레이,치웨텔 에지오포|니콜 키드먼|줄리아 로버츠
탐정 홍길동: 사라진 마을,조성희,이제훈|김성균
매직브러시,쯔씽 쫑,김서영|김경희|박상훈|홍진욱|소역침|맹상룡|홍해천
다이노소어 어드벤처 : 백악기 공룡대백과,닐 나이팅게일|배리 쿡|앤드류 코헨,None
극장판 안녕 자두야,손석우,여민정|양정화
다이노X 탐험대,이동희,정준하|하하
45년 후,앤드류 하이,샬롯 램플링|톰 커트니
나의 소녀시대,진옥산,송운화|왕대륙
곡성,나홍진,곽도원|황정민|쿠니무라 준|천우희|김환희
엽기적인 그녀 2,조근식,차태현|빅토리아
다이버전트 시리즈: 얼리전트,로베르트 슈벤트케,쉐일린 우들리|테오 제임스
계춘할망,창,윤여정|김고은
싱 스트리트,존 카니,퍼디아 월시 필로|루시 보인턴
앵그리버드 더 무비,서럽 밴 오먼,제이슨 서디키스|조시 게드|대니 맥브라이드
하드코어 헨리,일리야 나이슐러,샬토 코플리|팀 로스
동급생,나카무라 쇼코,노지마 켄지|카미야 히로시
몽키킹2: 서유기 여정의 시작,소이 청,곽부성|공리|풍소봉|소심양|나중겸
엑스맨: 아포칼립스,브라이언 싱어,제임스 맥어보이|마이클 패스벤더|제니퍼 로렌스|오스카 아이삭|니콜라스 홀트
오베라는 남자,하네스 홀름,롤프 라스가드|바하 파르스|필립 베리
썸니아,마이크 플래너건,케이트 보스워스|토마스 제인|제이콥 트렘블레이
아가씨,박찬욱,김민희|김태리|하정우
미 비포 유,티아 샤록,에밀리아 클라크|샘 클래플린
무서운 이야기 3 : 화성에서 온 소녀,김곡|김선|백승빈|민규동,임슬옹|경수진|박정민|홍은희|차지연
더 보이,윌리엄 브렌트 벨,케이티 홈즈|크리스토퍼 컨버리|오웨인 요먼
바다 탐험대 옥토넛 시즌4: 아슬아슬 구조대작전,다라 오코넬,하성용|정재헌|엄상현|윤승희|김정은|유동균|김율|한경화
플래그 더 문,엔리크 가토,이경태|이지현
워크래프트: 전쟁의 서막,던칸 존스,트래비스 핌멜|벤 포스터|폴라 패튼|도미닉 쿠퍼|클랜시 브라운|토비 켑벨
컨저링 2,제임스 완,베라 파미가|패트릭 윌슨
정글북,막심 파데예프,막심 추하료프
본 투 비 블루,로버트 뷔드로,에단 호크
극장판 유희왕 더 다크 사이드 오브 디멘션즈,쿠와바라 사토시,엄상현|장성호|카자마 슌스케|츠다 켄지로
특별수사: 사형수의 편지,권종관,김명민|김상호
닌자터틀 : 어둠의 히어로,데이브 그린,메간 폭스|스티븐 아멜|윌 아넷|로라 리니|피트 플로첵|앨런 리치슨
불의 전차,휴 허드슨,벤 크로스|이안 찰슨|나이젤 하버스|셰릴 캠벨|앨리스 크리게
인디펜던스 데이 : 리써전스,롤랜드 에머리히,빌 풀먼|리암 헴스워스|제프 골드블럼|비비카 A. 폭스|제시 어셔
크리미널,아리엘 브로멘,케빈 코스트너|게리 올드만|라이언 레이놀즈|토미 리 존스|갤 가돗
비밀은 없다,이경미,손예진|김주혁
굿바이 싱글,김태곤,김혜수|마동석|김현수
사냥,크리스 브라이언트,스티븐 웨딩턴|토니 베커
레전드 오브 타잔,데이빗 예이츠,알렉산더 스카스가드|사무엘 L. 잭슨|마고 로비|크리스토프 왈츠
도리를 찾아서,앤드류 스탠튼,엘렌 드제네레스|헤이든 롤렌스|알버트 브룩스
봉이 김선달,박대민,유승호|조재현|고창석|라미란|시우민
잔예 - 살아서는 안되는 방,나카무라 요시히로,다케우치 유코|하시모토 아이
나우 유 씨 미 2,존 추,제시 아이젠버그|마크 러팔로|우디 해럴슨|데이브 프랭코|리지 캐플란
언더 워터,자움 콜렛 세라,블레이크 라이블리|오스카 자에나다
데몰리션,장 마크 발레,제이크 질렌할|나오미 왓츠
트릭,이창열,이정진|강예원|김태훈
더 웨이브,로아 우다우그,크리스토퍼 조너|아네 달 토르프|조나스 호프 오프테브로|에디트 하겐루드-산드레
나의 산티아고,줄리아 폰 하인츠,데이비드 스트리에소브|마티나 게덱|카롤리네 슈흐
부산행,연상호,공유|정유미|마동석|김수안|김의성|최우식|안소희
아이스 에이지: 지구 대충돌,마이크 써마이어,존 레귀자모|레이 로마노|제니퍼 로페즈|애덤 드바인|제시 타일러 퍼거슨|배한성|장광
극장판 요괴워치: 염라대왕과 5개의 이야기다냥!,타카하시 시게하루|우시로 신지,토마츠 하루카|유우키 아오이|세키 토모카즈|코자쿠라 에츠코
인천상륙작전,이재한,이정재|이범수|리암 니슨|진세연
태풍이 지나가고,고레에다 히로카즈,아베 히로시|마키 요코|요시자와 타이요|키키 키린
제이슨 본,폴 그린그래스,맷 데이먼
빅,트레버 월,엄상현|사문영|박상훈|안소이|김연우|윤세웅|홍진욱|임채헌
수어사이드 스쿼드,데이비드 에이어,윌 스미스|자레드 레토|마고 로비|스콧 이스트우드|카라 델러비인|제이 코트니
마이펫의 이중생활,크리스 리노드,패튼 오스왈트|케빈 하트|에릭 스톤스트릿
덕혜옹주,허진호,손예진|박해일
명탐정 코난: 순흑의 악몽,시즈노 코분,김선혜|강수진|이정구|이현진
국가대표 2,김종현,수애|오달수|오연서
터널,김성훈,하정우|배두나|오달수
슈퍼 프렌즈,이경호|이원재,변현우|김지혜|박조호|서지연|남도형|홍진욱|김승태|오인성
마이 리틀 자이언트,스티븐 스필버그,마크 라이런스|루비 반힐|장광|윤세웅
킹 오브 프리즘,히시다 마사카즈,테라시마 쥰타|아오이 쇼타|사이토 소우마|하타나카 타스쿠|야시로 타쿠|이가라시 마사시|나가츠카 타쿠마|우치다 유우마
서울역,연상호,류승룡|심은경|이준
갤럭시 히어로즈: 라쳇 앤 클랭크,제리카 클레랜드|케빈 먼로,제임스 아놀드 테일러|데이빗 케이|짐 워드
스타트렉 비욘드,저스틴 린,크리스 파인|재커리 퀸토|칼 어번|조 샐다나|사이먼 페그
파워배틀 와치카 미니카 배틀리그: 불꽃의 질주,이영준,None
라이트 아웃,데이비드 F. 샌드버그,테레사 팔머|가브리엘 베이트먼
플로렌스,스티븐 프리어즈,메릴 스트립|휴 그랜트|사이먼 헬버그
고스트버스터즈,제이슨 라이트만,캐리 쿤|핀 울프하드|맥케나 그레이스
올레,채두병,신하균|박희순|오만석
메카닉: 리크루트,데니스 간젤,제이슨 스타뎀|제시카 알바
머니 몬스터,조디 포스터,조지 클루니|줄리아 로버츠|잭 오코넬|카이트리오나 발페
이퀄스,드레이크 도레무스,니콜라스 홀트|크리스틴 스튜어트
거울나라의 앨리스,제임스 보빈,조니 뎁|앤 해서웨이|미아 와시코우스카|헬레나 본햄 카터|사챠 바론 코헨
"고산자, 대동여지도",강우석,차승원|유준상
밀정,김지운,송강호|공유
로빈슨 크루소,벤 스타센|빈센트 케스텔루트,유리 로웬탈|데이비드 하워드|라일라 베르진스|콜린 메츠거|조이 카멘|마리브 헤링턴
장난감이 살아있다,후안 호세 캄파넬라,니콜라스 홀트|아리아나 그란데|케이티 홈즈|루퍼트 그린트
달빛궁궐,김현주,김서영|이하늬|권율|김슬기
인천상륙작전 : 익스텐디드 에디션,이재한,이정재|이범수|리암 니슨|진세연
드림 쏭,애쉬 브래넌,루크 윌슨|J. K. 시몬스|에디 이자드|엄상현|이장원|이현
매그니피센트 7,안톤 후쿠아,덴젤 워싱턴|크리스 프랫|에단 호크|빈센트 도노프리오|이병헌|마누엘 가르시아 룰포|마틴 센스마이어
벤허,윌리엄 와일러,찰턴 헤스턴
카페 소사이어티,우디 앨런,제시 아이젠버그|크리스틴 스튜어트
아이엠스타 뮤직어워드,와타다 신야,정유정|김새해|김영은
아이 엠 어 히어로,사토 신스케,사토 타케루|키나시 노리타케
대결,신재호,이주승|오지호
뉴 스텝업: 어반댄스,태미 데이비스,티아 마이피|케링턴 페인|스탠 워커
브리짓 존스의 베이비,샤론 맥과이어,콜린 퍼스|패트릭 뎀시|르네 젤위거
설리: 허드슨강의 기적,클린트 이스트우드,톰 행크스
미스 페레그린과 이상한 아이들의 집,팀 버튼,에바 그린|에이사 버터필드|엘라 퍼넬
아수라,김성수,정우성|황정민|주지훈
피터와 드래곤,데이빗 로워리,브라이스 달라스 하워드|오크스 페글리|로버트 레드포드|칼 어번|웨스 벤틀리|우나 로렌스
바다 탐험대 옥토넛 시즌4: 늪지탐험선K,다라 오코넬,하성용|정재헌|엄상현|윤승희|김정은|유동균|김율|한경화
립반윙클의 신부,이와이 슌지,쿠로키 하루|아야노 고|코코
백설공주 : 사라진 아빠를 찾아서,조분,이제인|사문영
돈 맛,홍수동,이은미|허진우|장현우|조명연
맨 인 더 다크,페드 알바레즈,제인 레비|딜런 미넷
디시에르토,조나스 쿠아론,가엘 가르시아 베르날|제프리 딘 모건
죽여주는 여자,이재용,윤여정
그물,김기덕,류승범|이원근
럭키,이계벽,유해진|이준|조윤희|임지연
자백,최승호,최승호|김기춘|원세훈
바스티유 데이,제임스 왓킨스,이드리스 엘바|리처드 매든
어카운턴트,개빈 오코너,벤 애플렉|안나 켄드릭
극장판 프리파라 모두 모여라! 프리즘☆투어즈,히시다 마사카즈,아카네야 히미카|세리자와 유|쿠보타 미유
토마스와 친구들: 용감한 기관차와 괴물소동,롭 실베스트리,마크 모라한|벤 스몰
인페르노,론 하워드,톰 행크스|펠리시티 존스
미스터 캣,배리 소넨펠드,케빈 스페이시|제니퍼 가너|크리스토퍼 월켄
걷기왕,백승화,심은경|박주희
키즈모노가타리 II : 열혈편,신보 아키유키,카미야 히로시|사카모토 마야
"무현, 두 도시 이야기",전인환,노무현|김원명|김하연|백승영|조덕희|박영희|장철영
닥터 스트레인지,스콧 데릭슨,베네딕트 컴버배치|레이첼 맥아담스|틸다 스윈튼|매즈 미켈슨|치웨텔 에지오포
혼숨,이두환,류덕환|조복래
쿠보와 전설의 악기,트래비스 나이트,아트 파킨슨|매튜 맥커너히|랄프 파인즈|루니 마라|샤를리즈 테론
선생님의 일기,니티왓 다라톤,비 스크릿 위셋케우|레일라 분야삭
극장판 파워레인저: 닌자포스 VS 트레인포스 닌자 인 원더랜드,나카자와 쇼지로,김혜성|안용욱|이경태|류점희|이새아|김현욱|심규혁|이인석|강시현|홍진욱|김서영|서원석|니시카와 슌스케|마츠모토 가쿠|나카무라 카이토|야노 유카|야마야 카스미|타와다 히데야|시손 쥰|히라마키 진|코지마 리리아|요코하마 류세이|모리타카 아이|나가하마 신
로스트 인 더스트,데이빗 맥켄지,크리스 파인|벤 포스터|제프 브리지스
인어공주 : 새로운 모험의 시작,구호강,김경희|김연우
무한대를 본 남자,맷 브라운,데브 파텔|제레미 아이언스
스플릿,최국희,유지태|이정현|이다윗|정성화
위자: 저주의 시작,마이크 플래너건,엘리자베스 리저|애너리즈 바쏘|루루 윌슨|헨리 토마스
세상에서 고양이가 사라진다면,나가이 아키라,사토 타케루|미야자키 아오이
감바의 대모험,카와무라 토모히로|코모리 요시히로|오가와 요이치,카지 유키
당신자신과 당신의 것,홍상수,김주혁|이유영
바후발리 : 더 비기닝,S.S. 라자몰리,프라바스|라나 다구바티
신비한 동물사전,데이빗 예이츠,에디 레드메인|캐서린 워터스톤|앨리슨 수돌|에즈라 밀러|주드 로|조니 뎁|칼럼 터너
가려진 시간,엄태화,강동원|신은수|이효제
하이큐!! 끝과 시작,미츠나카 스스무,양정화|심규혁|신용우|구자형|류승곤|김영선|이경태|무라세 아유무|이시카와 카이토|히노 사토시|이리노 미유|하야시 이사무
카페 6,오자운,동자건|안탁령|임백굉|구양니니
순종,김동민|이주훈,김은혜|한성국|김영화
드래곤 네스트: 평화 기사단 VS 블랙 드래곤,송악봉,호가|경첨|하재동|서교
연애담,이현주,이상희|류아벨
형,권수경,조정석|디오|박신혜
블레어 위치,아담 윈가드,칼리 헤르난데즈|제임스 앨런 맥퀸|코빈 라이드|밸러리 커리|웨스 로빈슨|브랜던 스콧
미스 사이공 : 25주년 특별 공연,앨리스테어 브라머|에바 노블자다|홍광호|존 존 브라이언스,김수하
리틀메딕: 몸속탐험대,피터 클라릿지,세바스티안 피츠너|아네트 포템파|한스-위르겐 디트베르너
테일 오브 테일즈,마테오 가로네,셀마 헤이엑|뱅상 카셀|스테이시 마틴|토비 존스|존 C. 라일리
잭 리처: 네버 고 백,에드워드 즈윅,톰 크루즈
두 남자,이성태,마동석|최민호
미씽: 사라진 여자,이언희,엄지원|공효진
도성풍운 3,왕정|유위강,주윤발|유덕화|장학우|장가휘|리위춘
언더월드: 블러드 워,안나 포에스터,케이트 베킨세일
캡틴 판타스틱,매트 로스,비고 모텐슨|조지 맥케이|사만다 아일러|애너리즈 바쏘|니콜라스 해밀턴|쉬리 크룩스|찰리 쇼트웰
신밧드 더 무비,미야시타 신페이,송영인|방지원|무라나카 토모|타나베 모모코
라라랜드,데미안 셔젤,라이언 고슬링|엠마 스톤
판도라,박정우,김남길|김영애|문정희|정진영
아기배달부 스토크,니콜라스 스톨러|덕 스위트랜드|마이클 다나,앤디 샘버그|케이티 크라운
"나, 다니엘 블레이크",켄 로치,데이브 존스|헤일리 스콰이어
원피스 필름 골드,미야모토 히로아키,강수진|정미숙|김승준|김소형|타나카 마유미|오카무라 아케미|나카이 카즈야|야마구치 캇페이
커튼콜,류훈,장현성|박철민|전무송
호비와 동화나라 대모험,히라바야시 이사무,미나미 오미|타카하시 미키
"당신, 거기 있어줄래요",홍지영,김윤석|변요한|채서진
목숨 건 연애,송민규,하지원|천정명|진백림
스노우타임,장-프랑수아 풀리오|프랑수아 브리소,이지현|김경희|김연우|최정현|이현
마스터,조의석,이병헌|강동원|김우빈
씽,가스 제닝스,매튜 맥커너히|리즈 위더스푼|스칼렛 요한슨|태런 에저튼|토리 켈리|세스 맥팔레인
극장판 도라에몽: 신 진구의 버스 오브 재팬,야쿠와 신노스케,채민지|김정아|미즈타 와사비|오오하라 메구미
포켓몬 더 무비 XY&Z 「볼케니온 : 기계왕국의 비밀」,유야마 쿠니히코,마츠모토 리카|오오타니 이쿠에
에곤 쉴레: 욕망이 그린 그림,디터 베르너,노아 자베드라
로그 원: 스타워즈 스토리,가렛 에드워즈,펠리시티 존스|디에고 루나
루돌프와 많이있어,유야마 쿠니히코|사카키바라 모토노리,김율|신용우
하이큐!! 승자와 패자,미츠나카 스스무,심규혁|양정화|성완경|구자형|류승곤|무라세 아유무|이시카와 카이토|히노 사토시|이리노 미유|하야시 이사무
너의 이름은.,신카이 마코토,카미키 류노스케|카미시라이시 모네
눈의 여왕 3: 눈과 불의 마법대결,알렉세이 트시칠린,박지윤|엄상현|남도형|이재범|박상훈
사랑하기 때문에,주지홍,차태현|서현진|김유정
패신저스,모튼 틸덤,제니퍼 로렌스|크리스 프랫
여교사,김태용,김하늘|유인영|이원근
어쌔신 크리드,저스틴 커젤,마이클 패스벤더
얼라이드,로버트 저메키스,브래드 피트|마리옹 꼬띠아르|리지 캐플란
반지의 제왕 : 반지원정대 (확장판),피터 잭슨,일라이저 우드|이안 맥켈런|리브 타일러|비고 모텐슨|숀 애스틴|케이트 블란쳇
모아나,론 클레멘츠|존 머스커,드웨인 존슨|아우이 크라발호
7년-그들이 없는 언론,김진혁,강지웅|권성민|권석재|노종면|박성제|박성호|박진수|우장균|이근행|이용마|정영하|정유신|조승호|최승호|현덕수
반지의 제왕 : 두개의 탑 (확장판),피터 잭슨,일라이저 우드|이안 맥켈런|비고 모텐슨
공조,김성훈,현빈|유해진|김주혁
터닝메카드W: 블랙미러의 부활,홍헌표,소연|윤아영|신용우|장광|강호철|안영미|윤미나
더 킹,데이비드 미쇼,티모시 샬라메|조엘 에저튼
단지 세상의 끝,자비에 돌란,가스파르 울리엘|마리옹 꼬띠아르|레아 세두|뱅상 카셀|나탈리 베이
짱구는 못말려 극장판: 폭풍수면! 꿈꾸는 세계 대돌격,타카하시 와타루,박영남|김환진|강희선|여민정|장경희|야지마 아키코|나라하시 미키|후지와라 케이지|코오로기 사토미
딥워터 호라이즌,피터 버그,마크 월버그|딜런 오브라이언|커트 러셀|존 말코비치|케이트 허드슨
레지던트 이블: 파멸의 날,폴 앤더슨,밀라 요보비치|알리 라터
반지의 제왕 : 왕의 귀환 (확장판),피터 잭슨,일라이저 우드|이안 맥켈런|비고 모텐슨
매기스 플랜,레베카 밀러,그레타 거윅|에단 호크|줄리안 무어
바다 탐험대 옥토넛 시즌4: 바다 괴물 대소동,다라 오코넬,하성용|정재헌|엄상현|윤승희|김정은|유동균|김율|한경화
라이언,가스 데이비스,데브 파텔|루니 마라|데이비드 웬햄|니콜 키드먼
뚜르: 내 생애 최고의 49일,임정하|전일우|박형준|김양래,이윤혁
컨택트,드니 빌뇌브,에이미 아담스|제레미 레너|포레스트 휘태커
트리플 엑스 리턴즈,D. J. 카루소,빈 디젤
명탐정 코난: 에피소드 원-작아진 명탐정,야마모토 야스이치로,타카야마 미나미|야마구치 캇페이|야마자키 와카나
50가지 그림자: 심연,제임스 폴리,제이미 도넌|다코타 존슨
조작된 도시,배종,지창욱|심은경
발레리나,에릭 서머|에릭 워린,엘르 패닝|데인 드한
레고 배트맨 무비,크리스 맥케이,윌 아넷|랄프 파인즈|로사리오 도슨|마이클 세라|자흐 갈리피아나키스|머라이어 캐리
그레이트 월,장예모,맷 데이먼|경첨|페드로 파스칼|윌렘 데포|유덕화
재심,김태윤,정우|강하늘|김해숙
더 큐어,고어 버빈스키,데인 드한|제이슨 아이삭스|미아 고스
"그래, 가족",마대윤,이요원|정만식|이솜|정준원
트롤,월트 돈|데이빗 P. 스미스,안나 켄드릭|저스틴 팀버레이크
마이펫 오지,알베르토 로드리게즈,남도형|정은지|김현욱|이재범|기예르모 로메로|미첼 제너|다니 로비라|호세 모타
23 아이덴티티,M. 나이트 샤말란,제임스 맥어보이
존 윅 - 리로드,채드 스타헬스키,키아누 리브스
문라이트,배리 젠킨스,알렉스 R. 히버트|애쉬튼 샌더스|트레반트 로즈
핵소 고지,멜 깁슨,앤드류 가필드
루시드 드림,김준성,고수|설경구
싱글라이더,이주영,이병헌|공효진|안소희
극장판 소드 아트 온라인 -오디널 스케일-,이토 토모히코,마츠오카 요시츠구|토마츠 하루카
사일런스,존 R. 레오네티,스탠리 투치|키어넌 쉽카
로건,제임스 맨골드,휴 잭맨
눈길,이나정,김영옥|김향기|김새론
해빙,이수연,조진웅|신구|김대명
콩: 스컬 아일랜드,조던 보트-로버츠,톰 히들스턴|사무엘 L. 잭슨|존 굿맨|브리 라슨
파도가 지나간 자리,데릭 시엔프랜스,마이클 패스벤더|알리시아 비칸데르|레이첼 와이즈
걸 온 더 트레인,테이트 테일러,에밀리 블런트
미녀와 야수,빌 콘돈,엠마 왓슨|댄 스티븐스|루크 에반스
비정규직 특수요원,김덕수,강예원|한채아
스페이스 비트윈 어스,피터 첼섬,에이사 버터필드|칼라 구기노|브릿 로버트슨|게리 올드만
골드,스티븐 개건,매튜 맥커너히
아우토반,에란 크리비,니콜라스 홀트|펠리시티 존스|안소니 홉킨스|벤 킹슬리
히든 피겨스,테오도어 멜피,타라지 P. 헨슨|옥타비아 스펜서|자넬 모네
프리즌,나현,한석규|김래원
보통사람,김봉한,손현주|장혁
밤의 해변에서 혼자,홍상수,김민희
극장판 암살교실 : 365일의 시간,키시 세이지,후쿠야마 쥰|스기타 토모카즈
아기돼지 3형제와 매직램프,유위,윤아영|이소은|최정현|황창영
개구리왕국 2,팽비|상광희,사문영|이경태
공각기동대 : 고스트 인 더 쉘,루퍼트 샌더스,스칼렛 요한슨
원라인,양경모,임시완|진구|박병은
데스노트: 더 뉴 월드,사토 신스케,히가시데 마사히로|이케마츠 소스케|스다 마사키
미스 슬로운,존 매든,제시카 차스테인
분노,이상일,와타나베 켄|모리야마 미라이|마츠야마 켄이치|아야노 고|히로세 스즈|미야자키 아오이|츠마부키 사토시
어느날,이윤기,김남길|천우희
라이프,대니얼 에스피노사,제이크 질렌할|레베카 퍼거슨|라이언 레이놀즈
시간위의 집,임대웅,김윤진|택연|조재윤
패트리어트 데이,피터 버그,마크 월버그
링스,F. 자비어 구티에레즈,마틸다 안나 잉그리드 러츠|알렉스 로|자니 갈렉키|에이미 티가든|데이빗 도프만
슈퍼 버드,마이크 쿤켈|라울 가르시아|리카르도 아르나이츠,에드워드 제임스 올모스|리코 로드리게스|치치 마린|케이트 델 까스틸로
아빠는 딸,오치아이 켄,타이 호아|까이띠 응우옌
분노의 질주: 더 익스트림,F. 게리 그레이,빈 디젤|드웨인 존슨|제이슨 스타뎀|샤를리즈 테론
흑집사 -북 오브 더 아틀란틱-,아베 노리유키,오노 다이스케|사카모토 마야
지니어스,마이클 그랜디지,콜린 퍼스|주드 로|니콜 키드먼
리틀 프린세스 소피아: 엘레나와 비밀의 아발로 왕국,제이미 미첼,아리엘 윈터|아미 카레로|김미랑|이재현
극장판 어드벤처 타임: 비밀의 아일랜드,이지현|곽윤상,전진아|사문영|최낙윤|양유진|김보영|이명희|이재범|김연우|서원석|임경명
오두막,스튜어트 하젤딘,샘 워싱턴|옥타비아 스펜서|팀 맥그로우
파워레인져스: 더 비기닝,딘 이슬래리트,데이커 몽고메리|나오미 스콧|RJ 사일러|루디 린|베키 지
더 플랜,최진성|김어준,None
파운더,존 리 핸콕,마이클 키튼
콜로설,나초 비가론도,앤 해서웨이|댄 스티븐스
마리안느와 마가렛,윤세영,마리안느 스퇴거|마가렛 피사렉
암살교실: 졸업편,하스미 에이이치로,야마다 료스케
임금님의 사건수첩,문현성,이선균|안재홍
"서서평, 천천히 평온하게",홍주연|홍현정,하정우|윤안나|안은새
특별시민,박인제,최민식|곽도원|심은경
나는 부정한다,믹 잭슨,레이첼 와이즈|톰 윌킨슨|티모시 스폴
극장판 또봇: 로봇군단의 습격,이달|고동우,하룡이|신경선|이현
극장판 쿠로코의 농구 라스트 게임,타다 슌스케,오노 켄쇼|오노 유키|카미야 히로시|스와베 쥰이치|오노 다이스케|키무라 료헤이
스머프: 비밀의 숲,켈리 애스버리,맨디 파틴킨|데미 로바토|레인 윌슨|조 맹가니엘로|잭 맥브레이어
보안관,김형주,이성민|조진웅|김성균
보스 베이비,톰 맥그래스,알렉 볼드윈|스티브 부세미|토비 맥과이어|마일즈 크리스토퍼 바크시|이현|이장원|문서윤
가디언즈 오브 갤럭시 VOL. 2,제임스 건,크리스 프랫|조 샐다나
슈퍼 빼꼼: 스파이 대작전,임아론,김태균|최정현
언노운 걸,장 피에르 다르덴|뤽 다르덴,아델 아에넬
오즈의 마법사 2,알베르토 마르,스티브 스테일리|멜리사 허치슨|신시아 스필만
석조저택 살인사건,정식|김휘,고수|김주혁|문성근|박성웅
에이리언: 커버넌트,리들리 스콧,마이클 패스벤더|캐서린 워터스톤
목소리의 형태,야마다 나오코,이리노 미유|하야미 사오리
길,정인봉,김혜자|송재호|허진|온주완
겟 아웃,조던 필,다니엘 칼루유야|앨리슨 윌리엄스|브래드리 휘트포드|캐서린 키너
불한당: 나쁜 놈들의 세상,변성현,설경구|임시완
킹 아서: 제왕의 검,가이 리치,찰리 허냄|주드 로
정글북,막심 파데예프,막심 추하료프
로스트 인 파리,도미니크 아벨|피오나 고든,도미니크 아벨|피오나 고든
캐리비안의 해적: 죽은 자는 말이 없다,요아킴 뢰닝|에스펜 샌버그,조니 뎁|하비에르 바르뎀|제프리 러쉬|브렌튼 스웨이츠|카야 스코델라리오
노무현입니다,이창재,노무현|이화춘|유시민
너와 100번째 사랑,츠키카와 쇼,사카구치 켄타로|미와
대립군,정윤철,이정재|여진구|김무열
원더 우먼,패티 젠킨스,갤 가돗|크리스 파인
7번째 내가 죽던 날,라이 루소-영,조이 도이치|할스턴 세이지
꿈의 제인,조현훈,이민지|구교환|이주영
베이블레이드 버스트 갓 : 갓 발키리의 탄생,야마구치 켄타로,김현지|한신
바다 탐험대 옥토넛 시즌4: 더 파이널,다라 오코넬,하성용|정재헌|엄상현|윤승희|김정은|유동균|김율|한경화
파워배틀 와치카: 와치가면의 역습,이영준,엄상현|전태열|정혜원|정영웅
미이라,히로시 카타기리,저스틴 고든|에바 스완|사이먼 필립스|랜스 헨릭슨|숀 스프로울링
악녀,정병길,김옥빈|신하균|성준|김서형|조은지
용순,신준,이수경|최덕문
심야식당 2,마츠오카 조지,코바야시 카오루
킹 오브 프리즘 - 프라이드 더 히어로,히시다 마사카즈,남도형|엄상현|이원찬|카키하라 테츠야|마에노 토모아키|마스다 토시키
하루,조선호,김명민|변요한
엘르,폴 버호벤,이자벨 위페르
꼬마돼지 베이브의 대모험,테레사 스트로직,악셀 프랄|미카엘 케슬러|랄프 슈미츠
나의 붉은고래,양선|장춘,계관림|허위주|소상경
꼬마참새 리차드: 아프리카 원정대,토비 젠켈|레자 메마리,김서영|구민선|변영희
트랜스포머: 최후의 기사,마이클 베이,마크 월버그|안소니 홉킨스|로라 하독|조쉬 더하멜
다크 하우스,대런 린 보우스만,제시카 론디스|조 앤더슨|데이턴 칼리|린 샤예
언더더씨,에반 트라멜,오은수|방지원|송영인|조연우
더 서클,제임스 폰솔트,엠마 왓슨|톰 행크스
박열,이준익,이제훈|최희서|김인우
리얼,이사랑,김수현|성동일|이성민
지랄발광 17세,켈리 프레몬 크레이그,헤일리 스테인펠드
옥자,봉준호,틸다 스윈튼|폴 다노|안서현
부니베어: 로거빅 컴백홈 프로젝트,정량,박상훈|홍진욱|윤세웅|임채헌|장병군|장위|담소
토마스와 친구들: 수수께끼 해적선과 보물찾기,데이비드 스토튼,존 해슬러|마크 모라한
스파이더맨: 홈 커밍,존 왓츠,톰 홀랜드|로버트 다우니 주니어|마이클 키튼
그 후,홍상수,권해효
베를린 신드롬,케이트 쇼트랜드,테레사 팔머|막스 리멜트
플립,로브 라이너,매들린 캐롤|콜런 맥올리프
내 사랑,에이슬링 월시,에단 호크|샐리 호킨스
카3: 새로운 도전,브라이언 피,오웬 윌슨|아미 해머|크리스텔라 알론조|오인성|신용우|김현심
예수는 역사다,존 건,마이크 보겔
47 미터,요하네스 로버츠,시스틴 로즈 스탤론|소피 넬리스|코린 폭스|브리안느 츄
내가 죽기 전에 가장 듣고 싶은 말,마크 펠링튼,셜리 맥클레인|아만다 사이프리드|앤주얼 리 딕슨
덩케르크,크리스토퍼 놀란,톰 하디|마크 라이런스|케네스 브래너|킬리언 머피|핀 화이트헤드
극장판 짱구는 못말려 : 습격!! 외계인 덩덩이,하시모토 마사카즈,박영남|양정화|김환진|강희선|여민정|정유미|정혜옥|이장원
오즈: 신기한 마법가루,블라디미르 토로프킨,김하영|황창영|서원석|이현|이장원|송하림
위시 어폰,존 R. 레오네티,조이 킹|이기홍|시드니 파크|라이언 필립
슈퍼배드 3,피에르 코팽|카일 발다,스티브 카렐|크리스튼 위그|트레이 파커
군함도,류승완,황정민|소지섭|송중기|이정현|김수안
송 투 송,테렌스 맬릭,라이언 고슬링|루니 마라|마이클 패스벤더|나탈리 포트만
택시운전사,장훈,송강호|토마스 크레취만|유해진|류준열
명탐정 코난:진홍의 연가,시즈노 코분,타카야마 미나미|야마자키 와카나|코야마 리키야
이모티: 더 무비,토니 레온디스,심규혁|김서영|신경선|이재현|한상덕|김현심|T.J. 밀러|제임스 코든|안나 패리스|패트릭 스튜어트|일라나 글레이저|스티븐 라이트
파리로 가는 길,엘레노어 코폴라,다이안 레인|알렉 볼드윈|아르노 비야르
청년경찰,김주환,박서준|강하늘
빅풋 주니어,제레미 드그루손|벤 스타센,우정신|임채헌|박상훈|최정현|홍진욱|이현|김연우|황창영|이소은|김현욱|이규창
애나벨 : 인형의 주인,데이비드 F. 샌드버그,스테파니 시그만|탈리사 베이트먼|루루 윌슨
극장판 도라에몽: 진구의 남극 꽁꽁 대모험,다카하시 아츠시,채민지|김정아|미즈타 와사비|오오하라 메구미
혹성탈출: 종의 전쟁,매트 리브스,앤디 서키스|우디 해럴슨
드래곤 스펠: 마법 꽃의 비밀,블라디미르 미카이로프|마누크 데포얀,방지원|이세원
공범자들,최승호,이명박|김재철|김장겸|고대영
장산범,허정,염정아|박혁권
다크타워: 희망의 탑,니콜라이 아르셀,매튜 맥커너히|이드리스 엘바|톰 테일러
브이아이피,박훈정,김명민|장동건|박희순|이종석
더 테이블,김종관,정유미|한예리|정은채
극장판 위 베어 베어스: 곰 브라더스,매니 에르난데스,None
발레리안: 천 개 행성의 도시,뤽 베송,데인 드한|카라 델러비인
로마의 휴일,윌리엄 와일러,그레고리 펙|오드리 헵번
킬러의 보디가드,패트릭 휴즈,라이언 레이놀즈|사무엘 L. 잭슨
아토믹 블론드,데이비드 레이치,제임스 맥어보이|소피아 부텔라|샤를리즈 테론
김광석,이상호,김광석
살인자의 기억법,원신연,설경구|김남길|설현|오달수
그것,안드레스 무시에티,빌 스카스가드|제임스 맥어보이|제시카 차스테인
매혹당한 사람들,소피아 코폴라,니콜 키드먼|커스틴 던스트|엘르 패닝|콜린 파렐
저수지 게임,최진성,주진우
극장판 에그엔젤 코코밍: 푸르밍과 두근두근 코코밍 세계,닛타 노리오,이지현|여윤미|여민정|혼도 카에데|한 메구미
몬스터 섬의 비밀,야마자키 타카시|야기 류이치,이장원|엄상현|김서영|윤세웅|카토리 신고|야마데라 코이치|신도 유나|아베 사다오
베이비 드라이버,에드가 라이트,안셀 엘고트|케빈 스페이시|릴리 제임스|에이사 곤살레스|존 햄|제이미 폭스
아메리칸 메이드,더그 라이만,톰 크루즈|도널 글리슨
"좋아해, 너를",이마이즈미 리키야,렌|아오야기 후미코
몬스터 콜,후안 안토니오 바요나,시고니 위버|펠리시티 존스|루이스 맥두걸|리암 니슨
윈드 리버,테일러 쉐리던,제레미 레너|엘리자베스 올슨
인비저블 게스트,오리올 파울로,마리오 카사스
아이 캔 스피크,김현석,나문희|이제훈
잃어버린 도시 Z,제임스 그레이,찰리 허냄|로버트 패틴슨|시에나 밀러|톰 홀랜드
킹스맨: 골든 서클,매튜 본,콜린 퍼스|줄리안 무어|태런 에저튼
극장판 요괴워치: 하늘을 나는 고래와 더블세계다냥!,우시로 신지|요코이 다케시,박경혜|홍범기|김현지|김가령|정유정|방연지|정혜옥|김율|강호철|신용우|이호산|김새해|임윤선|김정훈|정선혜|여윤미|김보영|김채하|한신|현경수|이미자|이수진|김신우|손수호|김지율
우리의 20세기,마이크 밀스,아네트 베닝|엘르 패닝|그레타 거윅
다시 태어나도 우리,문창용|전진,파드마 앙뚜|우르갼 리크젠
레고 닌자고 무비,찰리 빈|폴 피셔|밥 로건,데이브 프랭코|올리비아 문|저스틴 서룩스|성룡|마이클 페나
리틀 프린세스 소피아 : 신비한 섬,제이미 미첼,김미랑|서지연|아리엘 윈터|다시 로즈 번스
범죄도시,강윤성,마동석|윤계상
남한산성,황동혁,이병헌|김윤석|박해일|고수|박희순
넛잡 2,캘런 브렁커,윌 아넷|캐서린 헤이글|성룡|이사벨라 모너|마야 루돌프|세바스찬 매니스칼코
매직울프,안드레이 갈랏|막심 볼코프,톰 펠튼|JB 블랭크|로스 마퀀드|차이나 앤 맥클레인|토마스 이안 니콜라스
딥,조성규,최여진|류승수|정채율
어메이징 메리,마크 웹,크리스 에반스|맥케나 그레이스|린제이 던칸|제니 슬레이트|옥타비아 스펜서
희생부활자,곽경택,김래원|김해숙
블레이드 러너 2049,드니 빌뇌브,라이언 고슬링|해리슨 포드|아나 드 아르마스|실비아 혹스|자레드 레토
"나는 내일, 어제의 너와 만난다",미키 타카히로,후쿠시 소타|고마츠 나나
나의 엔젤,해리 클레벤,플뢰르 게프리에
주키퍼스 와이프,니키 카로,제시카 차스테인|요한 헬덴베르그|다니엘 브륄
대장 김창수,이원태,조진웅|송승헌
지오스톰,딘 데블린|대니 캐논,제라드 버틀러|짐 스터게스|애비 코니쉬|에드 해리스
마더!,봉준호,김혜자|원빈
노 게임 노 라이프 -제로-,이시즈카 아츠코,마츠오카 요시츠구|카야노 아이|히카사 요코|타무라 유카리
잠깐만 회사 좀 관두고 올게,나루시마 이즈루,후쿠시 소타|쿠도 아스카
너의 췌장을 먹고 싶어,우시지마 신이치로,타카스기 마히로|린
토르: 라그나로크,타이카 와이티티,크리스 헴스워스|톰 히들스턴|케이트 블란쳇
유리정원,신수원,문근영|김태훈|서태화
뷰티풀 투모로우,장재혁,박효신|정재일
배저로와 친구들: 신비한 모험,라스무스 A. 실버르센|룬 스파안스,김기철|최한|안현서|신경선|존 F. 브룬고트|헤르만 사바도
직쏘,마이클 스피어리그|피터 스피어리그,토빈 벨
침묵,정지우,최민식|박신혜|류준열|이하늬|박해준|조한철|이수경
부라더,장유정,마동석|이동휘|이하늬
메소드,방은진,박성웅|윤승아|오승훈
배드 지니어스,나타우트 푼프리야,추티몬 충차로엔수킹|차논 산티네톤쿤|에이샤 호수완|티라돈 수파펀핀요
내게 남은 사랑을,진광교,성지루|전미선|권소현|홍석|이예원
신서유기 : 몽키킹의 부활,전효붕,조연우|오은수|신정훈|박상우|이민형|방지원
해피 데스데이,크리스토퍼 랜던,제시카 로테|이스라엘 브루사드|루비 모딘|수라즈 샤르마
러빙 빈센트,도로타 코비엘라|휴 웰치먼,제롬 플린|에이단 터너|더글라스 부스|엘리너 톰린슨|헬렌 맥크로리|시얼샤 로넌|크리스 오다우드
채비,조영준,고두심|김성균
미옥,이안규,김혜수|이선균|이희준
극장판 파워레인저: 애니멀포스 VS 닌자포스 미래에서 온 메시지,타케모토 노보루,쇼헤이 난바|타테이시 하루카|니시카와 슌스케|마츠모토 가쿠|나카무라 카이토|야노 유카|야마야 카스미|타와다 히데야
리빙보이 인 뉴욕,마크 웹,칼럼 터너|제프 브리지스|케이트 베킨세일|키어시 클레몬스|피어스 브로스넌|신시아 닉슨
7호실,이용승,신하균|디오
저스티스 리그,잭 스나이더,벤 애플렉|갤 가돗|제이슨 모모아|레이 피셔|에즈라 밀러|헨리 카빌
하이큐!! 재능과 센스,미츠나카 스스무,양정화|심규혁|성완경|구자형|류승곤|무라세 아유무|이시카와 카이토|히노 사토시|이리노 미유|하야시 이사무
페이트 스테이 나이트 헤븐즈필 제1장 프레시지 플라워,스도 토모노리,스기야마 노리아키|시타야 노리코|카미야 히로시|카와스미 아야코|우에다 카나
꾼,장창원,현빈|유지태|배성우|박성웅|나나|안세하
키드냅,루이스 프리에토,할리 베리
래빗 스쿨,우테 폰 뮌쇼폴,황창영|민아|최정현|임채헌|박상훈
역모-반란의 시대,김홍선,정해인|김지훈
피터와 모글리의 크리스마스 어드벤처,타파스 차크라바르티,None
반드시 잡는다,김홍선,백윤식|성동일
오리엔트 특급 살인,케네스 브래너,케네스 브래너|페넬로페 크루즈|윌렘 데포|주디 덴치|조니 뎁|조시 게드|데릭 자코비|레슬리 오덤 주니어|미셸 파이퍼|데이지 리들리
기억의 밤,장항준,강하늘|김무열
빅 배드 폭스,벵자맹 레네|패트릭 임베르|디디에 브뤼네|빈센트 타비에르|장 레그노|벵자맹 레네|로버트 마르셀 르페이지|벤자민 마수브레,None
뽀로로 극장판 공룡섬 대모험,김현호|윤제완,이선|이미자|함수정|홍소영|정미숙|김서영|김환진
메리와 마녀의 꽃,요네바야시 히로마사,스기사키 하나|카미키 류노스케|김영은|심규혁
산상수훈,대해,백서빈
어쌔신: 더 비기닝,마이클 쿠에스타,딜런 오브라이언|마이클 키튼|산나 라단|테일러 키취
은혼,후쿠다 유이치,오구리 슌|스다 마사키|하시모토 칸나
강철비,양우석,정우성|곽도원
스타워즈: 라스트 제다이,라이언 존슨,마크 해밀|캐리 피셔|아담 드라이버|데이지 리들리|존 보예가|오스카 아이삭
튤립 피버,저스틴 채드윅,알리시아 비칸데르|데인 드한|크리스토프 왈츠
극장판 숲의 요정 페어리루 ~크리스마스의 기적: 마법의 날개~,고로 사쿠라,조경이|이재현|이지현|윤아영|남도형
신과함께-죄와 벌,김용화,하정우|차태현|주지훈|김향기|김동욱|마동석
위대한 쇼맨,마이클 그레이시,휴 잭맨|잭 에프론
극장판 포켓몬스터 너로 정했다!,유야마 쿠니히코,마츠모토 리카|오오타니 이쿠에
몬스터 패밀리,호거 태프,김태균|정찬우|임채현|정미숙|이채헌|윤아영|김옥경
패터슨,짐 자무쉬,아담 드라이버|골쉬프테 파라하니
더 크리스마스,티머시 렉카트,스티븐 연|지나 로드리게스|재커리 리바이|키건 마이클 키|켈리 클락슨|패트리샤 히튼
1987,장준환,김윤석|하정우|유해진|김태리|박희순|이희준
원더,스티븐 크보스키,제이콥 트렘블레이|줄리아 로버츠|오웬 윌슨
극장판 프리파라 모두의 동경♪ 렛츠고☆프리파리,모리와키 마코토,아카네야 히미카|세리자와 유|쿠보타 미유
페르디난드,카를로스 살다나,존 시나
쥬만지: 새로운 세계,제이크 캐스단,드웨인 존슨|케빈 하트|잭 블랙|카렌 길런
코코,리 언크리치,가엘 가르시아 베르날|안소니 곤잘레스|벤자민 브랫|르네 빅터
다운사이징,알렉산더 페인,맷 데이먼|크리스튼 위그|크리스토프 왈츠
"쏘아올린 불꽃, 밑에서 볼까? 옆에서 볼까?",신보 아키유키|타케우치 노부유키,히로세 스즈|스다 마사키|미야노 마모루
하이큐!! 콘셉트의 싸움,미츠나카 스스무,양정화|심규혁|성완경|구자형|류승곤|무라세 아유무|이시카와 카이토|히노 사토시|이리노 미유|하야시 이사무
메이즈 러너: 데스 큐어,웨스 볼,딜런 오브라이언|토마스 생스터|카야 스코델라리오|이기홍|월튼 고긴스
그것만이 내 세상,최성현,이병헌|윤여정|박정민
다키스트 아워,조 라이트,게리 올드만|크리스틴 스콧 토마스|릴리 제임스|벤 멘델존
젝스키스 에이틴,YG 엔터테인먼트,은지원|이재진|김재덕|강성훈|장수원
리틀 뱀파이어,리하르트 클라우스|카르스텐 킬레리치,짐 카터|라스무스 하디커
주문은 토끼입니까 ~Dear my sister~,하시모토 히로유키,사쿠라 아야네|미나세 이노리|타네다 리사|사토 사토미|우치다 마아야
1급기밀,홍기선,김상경|김옥빈
비밥바룰라,이성재,박인환|신구|임현식|윤덕용
커뮤터,자움 콜렛 세라,리암 니슨
극장판 레이디버그: 미라클스톤의 비밀,토마스 아스트럭,여민정|남도형
인시디어스4: 라스트 키,애덤 로비텔,린 샤예|스펜서 로크|조시 스튜어트|하비에르 보텟
염력,연상호,류승룡|심은경|박정민
12 솔져스,니콜라이 퓰시,크리스 헴스워스|마이클 섀넌|마이클 페나|트레반트 로즈
올 더 머니,리들리 스콧,미셀 윌리엄스|크리스토퍼 플러머|마크 월버그
마야2,노엘 클리어리|세르지오 델피노,김서영|김명준|김소희|윤세웅|오인실|임채헌|이소은|장병관|석승훈|이규창|민아
더 포리너,마틴 캠벨,성룡|피어스 브로스넌
조선명탐정: 흡혈괴마의 비밀,김석윤,김명민|오달수|김지원
패딩턴 2,폴 킹,엄상현
겨울왕국의 무민,이라 카르펠란|야쿱 브롱스키,빌 스카스가드|알리시아 비칸데르|스텔란 스카스가드
터닝메카드W: 반다인의 비밀 특별판,홍헌표,소연|윤미나|이현진
흥부: 글로 세상을 바꾼 자,조근현,정우|김주혁
블랙 팬서,라이언 쿠글러,채드윅 보스만|마이클 B. 조던|루피타 뇽오
명탐정 코난:감벽의 관,야마모토 야스이치로,김선혜|강수진|이현진|이용신|이정구|타카야마 미나미|야마구치 캇페이|야마자키 와카나|카미야 아키라
골든슬럼버,노동석,강동원|김의성|한효주|김성균|김대명
50가지 그림자: 해방,제임스 폴리,다코타 존슨|제이미 도넌
셰이프 오브 워터: 사랑의 모양,기예르모 델 토로,샐리 호킨스|마이클 섀넌|리차드 젠킨스|더그 존스
월요일이 사라졌다,토미 위르콜라,누미 라파스
반딧불이 딘딘,등위봉,방지원|조연우|신정훈|박상우|송영인
리틀 포레스트,임순례,김태리|류준열|문소리|진기주
궁합,홍창표,심은경|이승기
더 포스트,스티븐 스필버그,메릴 스트립|톰 행크스
레드 스패로,프란시스 로렌스,제니퍼 로렌스|조엘 에저튼
게이트,신재호,정려원|임창정|정상훈|이경영|이문식
나미야 잡화점의 기적,한지에,디리러바|왕준개|동자건
사라진 밤,이창희,김상경|김강우|김희애
온리 더 브레이브,조셉 코신스키,조슈 브롤린|마일스 텔러|제프 브리지스|테일러 키취
플로리다 프로젝트,션 베이커,윌렘 데포|브루클린 프린스|브리아 비나이트
툼레이더,로아 우다우그,알리시아 비칸데르
지금 만나러 갑니다,이장훈,소지섭|손예진
치즈인더트랩,김제영,박해진|오연서
로건 럭키,스티븐 소더버그,채닝 테이텀|다니엘 크레이그|아담 드라이버|라일리 키오|힐러리 스웽크
허리케인 하이스트,롭 코헨,토비 켑벨|매기 그레이스|라이언 콴튼|랄프 이네슨
쓰리 빌보드,마틴 맥도나,프란시스 맥도맨드
퍼시픽 림: 업라이징,스티븐 S. 드나이트,존 보예가|스콧 이스트우드
소공녀,전고운,이솜|안재홍
미니특공대X,이영준,엄상현|전태열|이소영|신용우
콜 미 바이 유어 네임,루카 구아다니노,티모시 샬라메|아미 해머
7년의 밤,추창민,장동건|류승룡|송새벽|고경표
레디 플레이어 원,스티븐 스필버그,마크 라이런스|사이먼 페그|올리비아 쿡|타이 쉐리던|벤 멘델존|T.J. 밀러
곤지암,정범식,위하준|박지현|오아연|문예원|박성훈|이승욱|유제윤
막달라 마리아: 부활의 증인,가스 데이비스,루니 마라|호아킨 피닉스
레이디 버드,그레타 거윅,시얼샤 로넌
바람 바람 바람,이병헌,이성민|신하균|송지효|이엘
덕구,방수인,이순재|정지훈
번개맨과 신비의 섬,김지열,서홍석|홍민아|유수호
문호 스트레이독스 [데드 애플],이가라시 타쿠야,우에무라 유토|미야노 마모루|오노 켄쇼|타니야마 키쇼
램페이지,브래드 페이튼,드웨인 존슨|제프리 딘 모건|조 맹가니엘로
"그날, 바다",김지영,정우성
머니백,허준형,김무열|박희순|이경영|전광렬|임원희|오정세|김민교
콰이어트 플레이스,존 크래신스키,에밀리 블런트|존 크래신스키
스파키,아론 우들리,제이스 노먼
달링,앤디 서키스,앤드류 가필드|클레어 포이
나를 기억해,이한욱,이유영|김희원
정글번치: 최강 악당의 등장,데이빗 알루,최원형|김민진|박재현|김하영|손윤상
크리미널 스쿼드,크리스찬 구드개스트,제라드 버틀러|파블로 쉬레이버|50센트|오시어 잭슨 주니어
무문관,박대원,None
몬태나,스콧 쿠퍼,크리스찬 베일|로자먼드 파이크|웨스 스투디|벤 포스터
당신의 부탁,이동은,임수정|윤찬영
어벤져스: 인피니티 워,안소니 루소|조 루소,로버트 다우니 주니어|조슈 브롤린|마크 러팔로|톰 히들스턴|크리스 에반스|크리스 헴스워스|제레미 레너|스칼렛 요한슨
당갈,니테시 티와리,아미르 칸|파티마 사나 셰이크|산야 말호트라
살인소설,김진묵,지현우|오만석|이나라|김학철|조은지
아기곰 보보 구출 대작전,라스무스 A. 실버르센,허성재|조연우|박상우
클레어의 카메라,홍상수,이자벨 위페르|김민희|장미희|정진영
레오나르도 다 빈치,세르지오 맨피오,김명준
챔피언,김용완,마동석|권율|한예리
매직빈,추일,황창영|민아|장병관|진패사|계관림
"부르고뉴, 와인에서 찾은 인생",세드릭 클라피쉬,피오 마르마이|아나 지라르도|프랑수와 시빌
커다랗고 커다랗고 커다란 배,필리프 에인스테인 리프스키|요르겐 레르담|아말리 네스비 피크,이소은|이제인|윤세웅|이규창|김현수
얼리맨,닉 파크,에디 레드메인|톰 히들스턴|메이지 윌리엄스
원더스트럭,토드 헤인즈,줄리안 무어|오크스 페글리|미셀 윌리엄스|밀리센트 시먼즈
샷 콜러,릭 로만 워,니콜라이 코스터 왈도
레슬러,김대웅,유해진|김민재|이성경
루비 스팍스,조나단 데이톤|발레리 페리스,폴 다노|조 카잔
중2병이라도 사랑이 하고 싶어! 테이크 온 미,이시하라 타츠야,후쿠야마 쥰|우치다 마아야
씨 오브 트리스,구스 반 산트,매튜 맥커너히|나오미 왓츠
보리 vs 매켄로,야누스 메츠,스베리르 구드나슨|샤이아 라보프
피터 래빗,윌 글럭,제임스 코든|도널 글리슨|로즈 번|샘 닐|신용우|엄상현|우정신|김무규
"안녕, 나의 소녀",사준의,류이호|송운화
데드풀 2,데이비드 레이치,라이언 레이놀즈|프레드 세비지|조슈 브롤린|재지 비츠|모레나 바카린|줄리안 데니슨
임을 위한 행진곡,박기복,김꽃비|김부선|전수현|김채희
버닝,이창동,유아인|스티븐 연|전종서
마징가 Z: 인피니티,시미즈 준지,김영선|홍시호|이지현|모리쿠보 쇼타로|카야노 아이
5.18 힌츠페터 스토리,장영주,위르겐 힌츠페터|조성하
다이노 헌터: 티렉스VS파키리노 대격돌,닐 나이팅게일|배리 쿡|앤드류 코헨,None
독전,이해영,조진웅|류준열|김성령|박해준|차승원|김주혁
트루스 오어 데어,제프 와드로우,루시 헤일|타일러 포시
한 솔로: 스타워즈 스토리,론 하워드,엘든 이렌리치|요나스 수오타모|우디 해럴슨|에밀리아 클라크
위 베어 베어스: 베이비 베어스,매니 에르난데스,None
서산개척단,이조훈,정영철|하용복|윤기숙|정화자|이상범|손연복
"세라비, 이것이 인생!",올리비에르 나카체|에릭 톨레다노,장 피에르 바크리|질 를르슈|수잔 클레망|장 폴 루브
데자뷰,고경민,이천희|남규리|이규한
"스탠바이, 웬디",벤 르윈,다코타 패닝|토니 콜레트
꼬마영웅 바비,황건명,김명준|최낙윤|안현서|이인석|김주호|김민성
디트로이트,캐서린 비글로우,존 보예가|안소니 마키|윌 폴터
아이 필 프리티,애비 콘|마크 실버스테인,에이미 슈머|미셀 윌리엄스
쥬라기 월드: 폴른 킹덤,후안 안토니오 바요나,크리스 프랫|브라이스 달라스 하워드
극장판 포켓몬스터DP - 디아루가 VS 펄기아 VS 다크라이,유야마 쿠니히코,임채헌|이선호|정미숙|변영희|마츠모토 리카|오오타니 이쿠에|토요구치 메구미|우에다 유지
벅스 프렌즈,딩 스,김소희|윤세웅|석승훈
호비와 매직 아일랜드,카와마타 히로시|히로 타카시마,미나미 오미|타카하시 미키
유전,아리 에스터,토니 콜레트|알렉스 울프|밀리 샤피로
오션스8,게리 로스,산드라 블록|케이트 블란쳇|앤 해서웨이|민디 캘링|사라 폴슨|아콰피나|리한나|헬레나 본햄 카터
탐정: 리턴즈,이언희,권상우|성동일|이광수
토니스토리2: 고철왕국의 친구들,토마스 보덴스타인|마르쿠스 하만,신정훈|이민형|오은수|송영인|크리스토프 마리아 허브스트|옐라 하세
바르다가 사랑한 얼굴들,아녜스 바르다|제이알,아녜스 바르다|제이알|미미
류이치 사카모토: 코다,스티븐 노무라 시블,사카모토 류이치
여중생A,이경섭,김환희|수호
아일라,잔 울카이,이스마일 하지오글루|김설
미드나잇 선,스콧 스피어,벨라 손|패트릭 슈왈제네거
더 펜션,윤창모|류장하|양종현|정허덕재,조재윤|조한철|박효주|박혁권|이영진|김태훈|신소율|이이경|황선희
개들의 섬,웨스 앤더슨,브라이언 크랜스턴|에드워드 노튼|빌 머레이|제프 골드블럼|리브 슈라이버|스칼렛 요한슨|틸다 스윈튼|프란시스 맥도맨드
유니콘 원정대: 비밀의 다이어리,카말 반살,최원형|변종필|장은숙|안종덕|장경희
마녀,박훈정,김다미|조민수|박희순|최우식
허스토리,민규동,김희애|김해숙
빅샤크: 매직체인지,하자력,이제인|장병관|김사라|김한나|윤세웅|홍후백
시카리오: 데이 오브 솔다도,스테파노 솔리마,조슈 브롤린|베니치오 델 토로|이사벨라 모너|캐서린 키너
앤트맨과 와스프,페이튼 리드,폴 러드|에반젤린 릴리
변산,이준익,박정민|김고은
드래곤 프린세스,아르티옴 루키체프|로만 보리세비치,None
스카이스크래퍼,로슨 마샬 터버,드웨인 존슨
"오늘 밤, 로맨스 극장에서",타케우치 히데키,아야세 하루카|사카구치 켄타로
킬링 디어,요르고스 란티모스,콜린 파렐|니콜 키드먼|배리 케오간
꼬마 보트 토토: 타요 타요 배 타요,시멘 알스비크,엄현정|삼타 샤르마
속닥속닥,최상훈,소주연|김민규|김영|김태민|최희진|박진|신재승|고우리
인크레더블 2,브래드 버드,크레이그 T. 넬슨|홀리 헌터|사라 보웰|헉 밀너|사무엘 L. 잭슨
호텔 아르테미스,드류 피어스,조디 포스터|데이브 바티스타|스털링 K. 브라운|소피아 부텔라|제프 골드블럼
독전: 익스텐디드 컷,이해영,조진웅|류준열|김성령|박해준|차승원|김주혁
이별의 아침에 약속의 꽃을 장식하자,오카다 마리,이와미 마나카|이리노 미유
신은 죽지 않았다 3: 어둠 속의 빛,마이클 메이슨,데이빗 A.R. 화이트|존 코빗
미션 임파서블: 폴아웃,크리스토퍼 맥쿼리,톰 크루즈
신비아파트: 금빛 도깨비와 비밀의 동굴,김병갑,조현정|김영은|김채하|신용우
인랑,오키우라 히로유키|와타나베 시게루|이시카와 미츠히사|스기타 츠토무|오시이 마모루|시라이 히사오|미조구치 하지메|카케스 슈이치,None
해적왕 작스톰,필립 귀엔,엄상현|이주창|정선혜|최석필|최낙윤|김영선
어느 가족,고레에다 히로카즈,릴리 프랭키|안도 사쿠라|마츠오카 마유|키키 키린|죠 카이리|사사키 미유
신과함께-인과 연,김용화,하정우|주지훈|김향기|마동석|김동욱
극장판 헬로카봇 : 백악기 시대,최신규|김진철,이지현
더 스퀘어,루벤 외스틀룬드,클라에스 방|도미닉 웨스트|엘리자베스 모스
맘마미아!2,올 파커,아만다 사이프리드|릴리 제임스|메릴 스트립|피어스 브로스넌|제레미 어바인|콜린 퍼스|휴 스키너|스텔란 스카스가드|조쉬 딜란
공작,윤종빈,황정민|이성민|조진웅|주지훈
몬스터 호텔 3,젠디 타타코브스키,아담 샌들러|셀레나 고메즈|앤디 샘버그
명탐정 코난 : 제로의 집행인,타치카와 유즈루,타카야마 미나미|야마자키 와카나|코야마 리키야
메가로돈,제임스 토마스,도미닉 페이스|캐롤라인 해리스|마이클 매드슨
목격자,조규장,이성민|김상호|진경|곽시양
극장판 도라에몽: 진구의 보물섬,이마이 카즈아키,윤아영|김정아|미즈타 와사비|오오하라 메구미
플로이,알리니 올라퓌르 아스게리손,하하
나를 차버린 스파이,수잔나 포겔,밀라 쿠니스|케이트 맥키넌
너의 결혼식,이석근,박보영|김영광
마일22,피터 버그,마크 월버그
서치,아니시 샤간티,존 조|데브라 메싱
상류사회,변혁,박해일|수애
업그레이드,리 워넬,로간 마샬그린
어드리프트:우리가 함께한 바다,발타자르 코루마쿠르,쉐일린 우들리|샘 클래플린
양말요정 휴고의 대모험,갈리나 미클리노바,조연우|크리스토프 하데크
물괴,허종호,김명민|김인권|혜리|박성웅|박희순|이경영|최우식
더 프레데터,셰인 블랙,보이드 홀브룩|올리비아 문|트레반트 로즈|스털링 K. 브라운|제이콥 트렘블레이|키건 마이클 키
바니부기: 드래곤 에그를 찾아서,이양무,호정|주미
더 게스트,미겔 앙헬 비바스,레이첼 니콜스|로라 해링
타샤 튜더,마츠타니 미츠에,타샤 튜더
죄 많은 소녀,김의석,전여빈|서영화|고원희
더 넌,코린 하디,테이사 파미가|데미안 비쉬어|보니 아론스|샬롯 호프
협상,이종석,손예진|현빈
명당,박희곤,조승우|지성|김성균|문채원|유재명|박충선|백윤식
안시성,김광식,조인성|남주혁|박성웅
극장판 뽀잉: 슈퍼 변신의 비밀,정미화,전태열|엄상현|홍소영|정영웅
루이스,울프강 라우엔스테인|크리스토프 라우엔스테인,김서영|칼럼 말로니
극장판 요괴워치 섀도사이드: 도깨비왕의 부활,우시로 신지,여민정|한채언|김지율|홍범기|소정환|강성우|신용우|이호산
체실 비치에서,도미닉 쿡,빌리 하울|시얼샤 로넌
에그엔젤 코코밍: 두근두근 핼러윈 파티,닛타 노리오,None
원더풀 고스트,조원희,마동석|김영광|이유영
파이널 포트레이트,스탠리 투치,제프리 러쉬|아미 해머|실비 테스튀|클레멘스 포시
암수살인,김태균,김윤석|주지훈
베놈,루벤 플레셔,톰 하디|미셀 윌리엄스
곰돌이 푸 다시 만나 행복해,마크 포스터,이완 맥그리거|헤일리 앳웰|마크 거티스|짐 커밍스
셜록 놈즈,존 스티븐슨,조니 뎁|에밀리 블런트|제임스 맥어보이|장민혁|박영재|정주원|장예나
스타 이즈 본,브래들리 쿠퍼,브래들리 쿠퍼|레이디 가가
극장판 가면라이더 이그제이드: 트루 엔딩,나카자와 쇼지로,김혜성|류승곤|이호산|정재헌|김연우|박성영|서반석|이이지마 히로키|세토 토시키|마츠모토 우쿄
리즈와 파랑새,야마다 나오코,타네자키 아츠미|토야마 나오
다이노 어드벤처2: 육해공 공룡 대백과,마이크 데블린,None
노크: 초대받지 않은 손님,요하네스 로버츠,베일리 매디슨|루이스 풀먼|크리스티나 헨드릭스|마틴 헨더슨
미쓰백,이지원,한지민|김시아|이희준
에브리데이,마이클 수지,앵거리 라이스|저스티스 스미스|오웬 티그|제이콥 배털런|루카스 제이드 주먼
킨: 더 비기닝,조나단 베이커|조쉬 베이커,마일스 트루잇|잭 레이너|조 크라비츠
퍼스트맨,데미안 셔젤,라이언 고슬링|클레어 포이
펭귄 하이웨이,이시다 히로야스,키타 카나|아오이 유우|김서영
배반의 장미,박진영,김인권|정상훈|손담비|김성철
액슬,올리버 달리,알렉스 뉴이스테터
창궐,김성훈,현빈|장동건
윌리,칼 멘데스,허성재|조연우|방지원|송영인|신정훈|박상우|오기 뱅크스|개빈 얍
크레이지 리치 아시안,존 추,콘스탄스 우|헨리 골딩|양자경|젬마 찬|아콰피나
완벽한 타인,이재규,유해진|조진웅|이서진|염정아|김지수|송하윤|윤경호
바울,앤드류 하이엇,제임스 펄크너|제임스 카비젤
보헤미안 랩소디,브라이언 싱어,라미 말렉|루시 보인턴|귈림 리|벤 하디|조셉 마젤로
벽 속에 숨은 마법시계,일라이 로스,잭 블랙|케이트 블란쳇|오웬 바카로
할로윈,데이빗 고든 그린,제이미 리 커티스|주디 그리어
나츠메 우인장: 세상과 연을 맺다,오오모리 타카히로|이토 히데키,카미야 히로시|이노우에 카즈히코
폴란드로 간 아이들,추상미,추상미|이송
캡틴 스터비,리처드 래니,로건 레먼|제라르 드파르디외|헬레나 본햄 카터
구스범스: 몬스터의 역습,아리 샌델,웬디 맥렌던 커비|매디슨 아이즈먼|크리스 파넬|켄 정
동네사람들,임진순,마동석|김새론|이상엽
알리바이 닷 컴,필립 라쇼,필립 라쇼|엘로디 퐁탕
박물관이 진짜 살아있다,마틴 코틱|이나 예블라니코바|마틴 코틱|예스퍼 묄러|페트르 네포빔|미키 키르슈너|카렐 코마,None
여곡성,유영선,서영희|손나은|이태리|박민지
신비한 동물들과 그린델왈드의 범죄,데이빗 예이츠,에디 레드메인|캐서린 워터스톤|앨리슨 수돌|에즈라 밀러|주드 로|조니 뎁|칼럼 터너
출국,노규엽,이범수
번 더 스테이지: 더 무비,박준수,RM|진|슈가|제이홉|지민|뷔|정국|방탄소년단
너의 췌장을 먹고 싶어,우시지마 신이치로,타카스기 마히로|린
로빈슨의 언더워터 어드벤처,막심 볼코브|비탈리 무카메지아노브,None
해피 투게더,김정환,박성웅|송새벽|최로운
성난황소,김민호,마동석|송지효|김성오
베일리 어게인,라세 할스트롬,조시 게드|데니스 퀘이드
꼬마비행기 피티와 친구들:사막구출 대작전,루카스 퀴아오,치엔 펑|제임스 라라비
툴리,제이슨 라이트만,맥켄지 데이비스|샤를리즈 테론
캡틴 샤키,잔 스톨츠|허버트 베일란드,최정현|김경희|민아|박상훈|석승훈|홍진욱|안톤 페촐트|율레 헤르만|악셀 프랄
국가부도의 날,최국희,김혜수|유아인|허준호|조우진
거미줄에 걸린 소녀,페드 알바레즈,클레어 포이
후드,오토 배서스트,태런 에저튼|제이미 폭스|벤 멘델존|제이미 도넌|이브 휴슨|폴 앤더슨
투 프렌즈,빅터 아즈에프|로만 보리세비치|막심 로갈스키|바실리 로벤스키|바실리 로벤스키|이반 우류핀,None
모털 엔진,크리스찬 리버스,헤라 힐마|로버트 시한|휴고 위빙|지혜|스티븐 랭
런닝맨 : 풀룰루의 역습,윤준상,김서영|권창욱|엄상현|김연우|강시현|전태열
도어락,이권,공효진
호두까기 인형과 4개의 왕국,라세 할스트롬|조 존스톤,맥켄지 포이|키이라 나이틀리|헬렌 미렌|모건 프리먼
번개맨의 비밀,강유선,서홍석|유수호
헌터 킬러,도노반 마시,제라드 버틀러|게리 올드만
트와이스랜드,나연|정연|모모|사나|지효|미나|다현|채영|쯔위|TWICE,None
스파이더맨: 뉴 유니버스,밥 퍼시케티|피터 램지|로드니 로스먼,샤메익 무어|헤일리 스테인펠드|니콜라스 케이지|제이크 존슨|리브 슈라이버|마허샬라 알리
모어 댄 블루,임효겸,류이호|진의함
부탁 하나만 들어줘,폴 페이그,안나 켄드릭|블레이크 라이블리
엘리엇과 산타 썰매단,제니퍼 웨스트콧,최원형|장경희|조쉬 허처슨|사만다 비
스윙키즈,강형철,디오|자레드 그라임스|박혜수|오정세|김민호
마약왕,우민호,송강호|조정석|배두나
아쿠아맨,제임스 완,제이슨 모모아|앰버 허드|니콜 키드먼|패트릭 윌슨
그린치,야로우 체니|스캇 모지어,베네딕트 컴버배치
극장판 짱구는 못말려: 아뵤! 쿵후 보이즈 ~라면 대란~,타카하시 와타루,박영남|강희선|김환진|여민정
극장판 포켓몬스터 모두의 이야기,야지마 테츠오,마츠모토 리카|오오타니 이쿠에
범블비,트래비스 나이트,헤일리 스테인펠드|존 시나
점박이 한반도의 공룡2 : 새로운 낙원,한상호,박희순|라미란|김성균
PMC: 더 벙커,김병우,하정우|이선균
