,movieNm,directors
290,미녀와 야수,빌 콘돈
576,살인소설,김진묵
290,미녀와 야수,빌 콘돈
9,구스범스,아리 샌델
0,셜록: 유령신부,더글라스 맥키넌
3,굿 다이노,피터 손
4,나를 잊지 말아요,이윤정
1,포인트 브레이크,에릭슨 코어
2,짱구는 못말려 극장판: 나의 이사 이야기 선인장 대습격,하시모토 마사카즈
6,헤이트풀8,쿠엔틴 타란티노
7,잡아야 산다,오인천
8,레버넌트: 죽음에서 돌아온 자,알레한드로 곤잘레스 이냐리투
10,그날의 분위기,조규장
11,오빠생각,이한
15,"로봇, 소리",이호재
34,순정,이은희
13,빅쇼트,아담 맥케이
14,스티브 잡스,대니 보일
12,극장판 꼬마버스 타요의 에이스 구출작전,류정우
16,쿵푸팬더3,여인영|알레산드로 칼로니
17,세기의 매치,에드워드 즈윅
18,검사외전,이일형
5,유스,파올로 소렌티노
27,좋아해줘,박현진
25,번개맨,강유선
20,캐롤,토드 헤인즈
21,앨빈과 슈퍼밴드: 악동 어드벤처,월트 베커
19,최강전사 미니특공대: 영웅의 탄생,이영준
22,나쁜놈은 죽는다,손호
24,극장판 아이엠스타 : 꿈의 오디션!,키무라 류이치
23,드레스메이커,조슬린 무어하우스
28,데드풀,데이비드 레이치
33,귀향,조정래
26,주토피아,바이런 하워드|리치 무어
29,동주,이준익
30,대니쉬 걸,톰 후퍼
31,빌리와 용감한 녀석들: 치킨 히어로,가브리엘 리바 팔라시오 알라트리스테|로돌포 리바 팔라시오 알라트리스테
37,남과 여,이윤기
39,룸,레니 애브라함슨
32,스포트라이트,토마스 맥카시
36,제 5침공,J 블레이크슨
40,갓 오브 이집트,알렉스 프로야스
38,13시간,마이클 베이
41,널 기다리며,모홍진
42,런던 해즈 폴른,바박 나자피
44,조이,데이비드 O. 러셀
43,엽문3: 최후의 대결,엽위신
48,오 마이 그랜파,댄 메이저
47,스푹스:MI5,바랫 낼러리
46,부활,케빈 레이놀즈
50,글로리데이,최정열
49,배트맨 대 슈퍼맨: 저스티스의 시작,잭 스나이더
45,일사각오,권혁만
51,"헤일, 시저!",에단 코엔|조엘 코엔
52,대배우,석민우
60,33,패트리시아 리건
56,미스컨덕트,신타로 시모사와
53,나의 그리스식 웨딩 2,커크 존스
54,포레스트: 죽음의 숲,제이슨 자다
55,마음이 외치고 싶어해,쿠마자와 나오토
59,독수리 에디,덱스터 플레처
66,극장판 프랭키와 친구들: 생명의 나무,박정오
58,클로버필드 10번지,댄 트라첸버그
63,해어화,박흥식
57,"날, 보러와요",이철하
61,트럼보,제이 로치
71,위대한 소원,남대중
64,시간이탈자,곽재용
62,라스트 홈,라민 바흐라니
65,헌츠맨: 윈터스 워,세드릭 니콜라스-트로얀
67,4등,정지우
76,매직브러시,쯔씽 쫑
68,트리플 9,존 힐코트
70,파라노말 액티비티: 더 고스트 디멘션,그레고리 플롯킨
72,캡틴 아메리카: 시빌 워,안소니 루소|조 루소
69,브루클린,존 크로울리
74,시크릿 인 데어 아이즈,빌리 레이
73,태양 아래,비탈리 만스키|비탈리 만스키
75,탐정 홍길동: 사라진 마을,조성희
78,극장판 안녕 자두야,손석우
77,다이노소어 어드벤처 : 백악기 공룡대백과,닐 나이팅게일|배리 쿡|앤드류 코헨
79,다이노X 탐험대,이동희
85,계춘할망,창
80,45년 후,앤드류 하이
105,특별수사: 사형수의 편지,권종관
82,곡성,나홍진
86,싱 스트리트,존 카니
95,미 비포 유,티아 샤록
84,다이버전트 시리즈: 얼리전트,로베르트 슈벤트케
81,나의 소녀시대,진옥산
83,엽기적인 그녀 2,조근식
87,앵그리버드 더 무비,서럽 밴 오먼
92,오베라는 남자,하네스 홀름
88,하드코어 헨리,일리야 나이슐러
202,바후발리 : 더 비기닝,S.S. 라자몰리
102,정글북,막심 파데예프
346,정글북,막심 파데예프
89,동급생,나카무라 쇼코
91,엑스맨: 아포칼립스,브라이언 싱어
90,몽키킹2: 서유기 여정의 시작,소이 청
35,레터스 투 갓,데이빗 닉슨|패트릭 도티
101,컨저링 2,제임스 완
94,아가씨,박찬욱
93,썸니아,마이크 플래너건
96,무서운 이야기 3 : 화성에서 온 소녀,김곡|김선|백승빈|민규동
97,더 보이,윌리엄 브렌트 벨
111,굿바이 싱글,김태곤
98,바다 탐험대 옥토넛 시즌4: 아슬아슬 구조대작전,다라 오코넬
99,플래그 더 문,엔리크 가토
100,워크래프트: 전쟁의 서막,던칸 존스
103,본 투 비 블루,로버트 뷔드로
104,극장판 유희왕 더 다크 사이드 오브 디멘션즈,쿠와바라 사토시
106,닌자터틀 : 어둠의 히어로,데이브 그린
108,인디펜던스 데이 : 리써전스,롤랜드 에머리히
109,크리미널,아리엘 브로멘
110,비밀은 없다,이경미
112,사냥,크리스 브라이언트
113,레전드 오브 타잔,데이빗 예이츠
115,봉이 김선달,박대민
114,도리를 찾아서,앤드류 스탠튼
116,잔예 - 살아서는 안되는 방,나카무라 요시히로
117,나우 유 씨 미 2,존 추
118,언더 워터,자움 콜렛 세라
120,트릭,이창열
119,데몰리션,장 마크 발레
121,더 웨이브,로아 우다우그
122,나의 산티아고,줄리아 폰 하인츠
123,부산행,연상호
124,아이스 에이지: 지구 대충돌,마이크 써마이어
107,불의 전차,휴 허드슨
125,극장판 요괴워치: 염라대왕과 5개의 이야기다냥!,타카하시 시게하루|우시로 신지
126,인천상륙작전,이재한
128,제이슨 본,폴 그린그래스
129,빅,트레버 월
127,태풍이 지나가고,고레에다 히로카즈
131,마이펫의 이중생활,크리스 리노드
134,국가대표 2,김종현
132,덕혜옹주,허진호
130,수어사이드 스쿼드,데이비드 에이어
133,명탐정 코난: 순흑의 악몽,시즈노 코분
135,터널,김성훈
136,슈퍼 프렌즈,이경호|이원재
137,마이 리틀 자이언트,스티븐 스필버그
141,스타트렉 비욘드,저스틴 린
139,서울역,연상호
140,갤럭시 히어로즈: 라쳇 앤 클랭크,제리카 클레랜드|케빈 먼로
142,파워배틀 와치카 미니카 배틀리그: 불꽃의 질주,이영준
143,라이트 아웃,데이비드 F. 샌드버그
144,플로렌스,스티븐 프리어즈
145,고스트버스터즈,제이슨 라이트만
146,올레,채두병
147,메카닉: 리크루트,데니스 간젤
149,이퀄스,드레이크 도레무스
148,머니 몬스터,조디 포스터
151,"고산자, 대동여지도",강우석
152,밀정,김지운
150,거울나라의 앨리스,제임스 보빈
154,장난감이 살아있다,후안 호세 캄파넬라
155,달빛궁궐,김현주
153,로빈슨 크루소,벤 스타센|빈센트 케스텔루트
158,매그니피센트 7,안톤 후쿠아
159,벤허,윌리엄 와일러
157,드림 쏭,애쉬 브래넌
161,아이엠스타 뮤직어워드,와타다 신야
160,카페 소사이어티,우디 앨런
163,대결,신재호
179,자백,최승호
162,아이 엠 어 히어로,사토 신스케
165,브리짓 존스의 베이비,샤론 맥과이어
168,아수라,김성수
166,설리: 허드슨강의 기적,클린트 이스트우드
174,맨 인 더 다크,페드 알바레즈
164,뉴 스텝업: 어반댄스,태미 데이비스
178,럭키,이계벽
167,미스 페레그린과 이상한 아이들의 집,팀 버튼
169,피터와 드래곤,데이빗 로워리
138,킹 오브 프리즘,히시다 마사카즈
171,립반윙클의 신부,이와이 슌지
173,돈 맛,홍수동
170,바다 탐험대 옥토넛 시즌4: 늪지탐험선K,다라 오코넬
172,백설공주 : 사라진 아빠를 찾아서,조분
175,디시에르토,조나스 쿠아론
176,죽여주는 여자,이재용
177,그물,김기덕
180,바스티유 데이,제임스 왓킨스
184,인페르노,론 하워드
181,어카운턴트,개빈 오코너
182,극장판 프리파라 모두 모여라! 프리즘☆투어즈,히시다 마사카즈
183,토마스와 친구들: 용감한 기관차와 괴물소동,롭 실베스트리
186,걷기왕,백승화
187,키즈모노가타리 II : 열혈편,신보 아키유키
185,미스터 캣,배리 소넨펠드
188,"무현, 두 도시 이야기",전인환
189,닥터 스트레인지,스콧 데릭슨
192,선생님의 일기,니티왓 다라톤
190,혼숨,이두환
191,쿠보와 전설의 악기,트래비스 나이트
197,스플릿,최국희
204,가려진 시간,엄태화
194,로스트 인 더스트,데이빗 맥켄지
196,무한대를 본 남자,맷 브라운
193,극장판 파워레인저: 닌자포스 VS 트레인포스 닌자 인 원더랜드,나카자와 쇼지로
195,인어공주 : 새로운 모험의 시작,구호강
198,위자: 저주의 시작,마이크 플래너건
199,세상에서 고양이가 사라진다면,나가이 아키라
200,감바의 대모험,카와무라 토모히로|코모리 요시히로|오가와 요이치
201,당신자신과 당신의 것,홍상수
210,형,권수경
203,신비한 동물사전,데이빗 예이츠
208,드래곤 네스트: 평화 기사단 VS 블랙 드래곤,송악봉
205,하이큐!! 끝과 시작,미츠나카 스스무
206,카페 6,오자운
207,순종,김동민|이주훈
209,연애담,이현주
216,두 남자,이성태
211,블레어 위치,아담 윈가드
212,미스 사이공 : 25주년 특별 공연,앨리스테어 브라머|에바 노블자다|홍광호|존 존 브라이언스
214,테일 오브 테일즈,마테오 가로네
217,미씽: 사라진 여자,이언희
213,리틀메딕: 몸속탐험대,피터 클라릿지
223,판도라,박정우
215,잭 리처: 네버 고 백,에드워드 즈윅
219,언더월드: 블러드 워,안나 포에스터
220,캡틴 판타스틱,매트 로스
218,도성풍운 3,왕정|유위강
221,신밧드 더 무비,미야시타 신페이
229,"당신, 거기 있어줄래요",홍지영
222,라라랜드,데미안 셔젤
227,커튼콜,류훈
224,아기배달부 스토크,니콜라스 스톨러|덕 스위트랜드|마이클 다나
226,원피스 필름 골드,미야모토 히로아키
230,목숨 건 연애,송민규
225,"나, 다니엘 블레이크",켄 로치
228,호비와 동화나라 대모험,히라바야시 이사무
232,마스터,조의석
233,씽,가스 제닝스
231,스노우타임,장-프랑수아 풀리오|프랑수아 브리소
242,사랑하기 때문에,주지홍
234,극장판 도라에몽: 신 진구의 버스 오브 재팬,야쿠와 신노스케
262,뚜르: 내 생애 최고의 49일,임정하|전일우|박형준|김양래
235,포켓몬 더 무비 XY&Z 「볼케니온 : 기계왕국의 비밀」,유야마 쿠니히코
236,에곤 쉴레: 욕망이 그린 그림,디터 베르너
237,로그 원: 스타워즈 스토리,가렛 에드워즈
238,루돌프와 많이있어,유야마 쿠니히코|사카키바라 모토노리
239,하이큐!! 승자와 패자,미츠나카 스스무
240,너의 이름은.,신카이 마코토
249,7년-그들이 없는 언론,김진혁
243,패신저스,모튼 틸덤
241,눈의 여왕 3: 눈과 불의 마법대결,알렉세이 트시칠린
244,여교사,김태용
245,어쌔신 크리드,저스틴 커젤
246,얼라이드,로버트 저메키스
247,반지의 제왕 : 반지원정대 (확장판),피터 잭슨
248,모아나,론 클레멘츠|존 머스커
253,더 킹,데이비드 미쇼
251,공조,김성훈
252,터닝메카드W: 블랙미러의 부활,홍헌표
250,반지의 제왕 : 두개의 탑 (확장판),피터 잭슨
254,단지 세상의 끝,자비에 돌란
257,레지던트 이블: 파멸의 날,폴 앤더슨
256,딥워터 호라이즌,피터 버그
255,짱구는 못말려 극장판: 폭풍수면! 꿈꾸는 세계 대돌격,타카하시 와타루
258,반지의 제왕 : 왕의 귀환 (확장판),피터 잭슨
260,바다 탐험대 옥토넛 시즌4: 바다 괴물 대소동,다라 오코넬
261,라이언,가스 데이비스
263,컨택트,드니 빌뇌브
267,조작된 도시,배종
259,매기스 플랜,레베카 밀러
269,레고 배트맨 무비,크리스 맥케이
268,발레리나,에릭 서머|에릭 워린
264,트리플 엑스 리턴즈,D. J. 카루소
265,명탐정 코난: 에피소드 원-작아진 명탐정,야마모토 야스이치로
266,50가지 그림자: 심연,제임스 폴리
271,재심,김태윤
270,그레이트 월,장예모
272,더 큐어,고어 버빈스키
273,"그래, 가족",마대윤
274,트롤,월트 돈|데이빗 P. 스미스
275,마이펫 오지,알베르토 로드리게즈
276,23 아이덴티티,M. 나이트 샤말란
281,싱글라이더,이주영
277,존 윅 - 리로드,채드 스타헬스키
280,루시드 드림,김준성
279,핵소 고지,멜 깁슨
282,극장판 소드 아트 온라인 -오디널 스케일-,이토 토모히코
278,문라이트,배리 젠킨스
284,로건,제임스 맨골드
283,사일런스,존 R. 레오네티
286,해빙,이수연
285,눈길,이나정
295,히든 피겨스,테오도어 멜피
287,콩: 스컬 아일랜드,조던 보트-로버츠
288,파도가 지나간 자리,데릭 시엔프랜스
289,걸 온 더 트레인,테이트 테일러
296,프리즌,나현
290,미녀와 야수,빌 콘돈
291,비정규직 특수요원,김덕수
292,스페이스 비트윈 어스,피터 첼섬
297,보통사람,김봉한
293,골드,스티븐 개건
294,아우토반,에란 크리비
298,밤의 해변에서 혼자,홍상수
303,원라인,양경모
299,극장판 암살교실 : 365일의 시간,키시 세이지
300,아기돼지 3형제와 매직램프,유위
301,개구리왕국 2,팽비|상광희
305,미스 슬로운,존 매든
310,패트리어트 데이,피터 버그
302,공각기동대 : 고스트 인 더 쉘,루퍼트 샌더스
304,데스노트: 더 뉴 월드,사토 신스케
307,어느날,이윤기
309,시간위의 집,임대웅
306,분노,이상일
308,라이프,대니얼 에스피노사
311,링스,F. 자비어 구티에레즈
312,슈퍼 버드,마이크 쿤켈|라울 가르시아|리카르도 아르나이츠
314,분노의 질주: 더 익스트림,F. 게리 그레이
313,아빠는 딸,오치아이 켄
315,흑집사 -북 오브 더 아틀란틱-,아베 노리유키
316,지니어스,마이클 그랜디지
317,리틀 프린세스 소피아: 엘레나와 비밀의 아발로 왕국,제이미 미첼
318,극장판 어드벤처 타임: 비밀의 아일랜드,이지현|곽윤상
326,임금님의 사건수첩,문현성
328,특별시민,박인제
333,보안관,김형주
320,파워레인져스: 더 비기닝,딘 이슬래리트
319,오두막,스튜어트 하젤딘
321,더 플랜,최진성|김어준
322,파운더,존 리 핸콕
323,콜로설,나초 비가론도
324,마리안느와 마가렛,윤세영
327,"서서평, 천천히 평온하게",홍주연|홍현정
331,극장판 쿠로코의 농구 라스트 게임,타다 슌스케
330,극장판 또봇: 로봇군단의 습격,이달|고동우
345,킹 아서: 제왕의 검,가이 리치
329,나는 부정한다,믹 잭슨
332,스머프: 비밀의 숲,켈리 애스버리
335,가디언즈 오브 갤럭시 VOL. 2,제임스 건
334,보스 베이비,톰 맥그래스
336,슈퍼 빼꼼: 스파이 대작전,임아론
338,오즈의 마법사 2,알베르토 마르
341,목소리의 형태,야마다 나오코
339,석조저택 살인사건,정식|김휘
337,언노운 걸,장 피에르 다르덴|뤽 다르덴
340,에이리언: 커버넌트,리들리 스콧
344,불한당: 나쁜 놈들의 세상,변성현
343,겟 아웃,조던 필
347,로스트 인 파리,도미니크 아벨|피오나 고든
102,정글북,막심 파데예프
346,정글북,막심 파데예프
349,노무현입니다,이창재
348,캐리비안의 해적: 죽은 자는 말이 없다,요아킴 뢰닝|에스펜 샌버그
342,길,정인봉
350,너와 100번째 사랑,츠키카와 쇼
351,대립군,정윤철
352,원더 우먼,패티 젠킨스
353,7번째 내가 죽던 날,라이 루소-영
325,암살교실: 졸업편,하스미 에이이치로
355,베이블레이드 버스트 갓 : 갓 발키리의 탄생,야마구치 켄타로
356,바다 탐험대 옥토넛 시즌4: 더 파이널,다라 오코넬
358,미이라,히로시 카타기리
357,파워배틀 와치카: 와치가면의 역습,이영준
363,하루,조선호
354,꿈의 제인,조현훈
359,악녀,정병길
361,심야식당 2,마츠오카 조지
360,용순,신준
375,옥자,봉준호
362,킹 오브 프리즘 - 프라이드 더 히어로,히시다 마사카즈
366,나의 붉은고래,양선|장춘
364,엘르,폴 버호벤
367,꼬마참새 리차드: 아프리카 원정대,토비 젠켈|레자 메마리
365,꼬마돼지 베이브의 대모험,테레사 스트로직
372,박열,이준익
368,트랜스포머: 최후의 기사,마이클 베이
371,더 서클,제임스 폰솔트
369,다크 하우스,대런 린 보우스만
370,언더더씨,에반 트라멜
373,리얼,이사랑
374,지랄발광 17세,켈리 프레몬 크레이그
376,부니베어: 로거빅 컴백홈 프로젝트,정량
378,스파이더맨: 홈 커밍,존 왓츠
379,그 후,홍상수
380,베를린 신드롬,케이트 쇼트랜드
377,토마스와 친구들: 수수께끼 해적선과 보물찾기,데이비드 스토튼
394,택시운전사,장훈
389,오즈: 신기한 마법가루,블라디미르 토로프킨
381,플립,로브 라이너
382,내 사랑,에이슬링 월시
383,카3: 새로운 도전,브라이언 피
384,예수는 역사다,존 건
385,47 미터,요하네스 로버츠
386,내가 죽기 전에 가장 듣고 싶은 말,마크 펠링튼
387,덩케르크,크리스토퍼 놀란
390,위시 어폰,존 R. 레오네티
388,극장판 짱구는 못말려 : 습격!! 외계인 덩덩이,하시모토 마사카즈
392,군함도,류승완
391,슈퍼배드 3,피에르 코팽|카일 발다
393,송 투 송,테렌스 맬릭
398,청년경찰,김주환
395,명탐정 코난:진홍의 연가,시즈노 코분
396,이모티: 더 무비,토니 레온디스
400,애나벨 : 인형의 주인,데이비드 F. 샌드버그
397,파리로 가는 길,엘레노어 코폴라
399,빅풋 주니어,제레미 드그루손|벤 스타센
401,극장판 도라에몽: 진구의 남극 꽁꽁 대모험,다카하시 아츠시
405,장산범,허정
402,혹성탈출: 종의 전쟁,매트 리브스
403,드래곤 스펠: 마법 꽃의 비밀,블라디미르 미카이로프|마누크 데포얀
404,공범자들,최승호
407,브이아이피,박훈정
406,다크타워: 희망의 탑,니콜라이 아르셀
408,더 테이블,김종관
409,극장판 위 베어 베어스: 곰 브라더스,매니 에르난데스
411,로마의 휴일,윌리엄 와일러
412,킬러의 보디가드,패트릭 휴즈
410,발레리안: 천 개 행성의 도시,뤽 베송
413,아토믹 블론드,데이비드 레이치
414,김광석,이상호
415,살인자의 기억법,원신연
416,그것,안드레스 무시에티
427,아이 캔 스피크,김현석
417,매혹당한 사람들,소피아 코폴라
419,극장판 에그엔젤 코코밍: 푸르밍과 두근두근 코코밍 세계,닛타 노리오
418,저수지 게임,최진성
420,몬스터 섬의 비밀,야마자키 타카시|야기 류이치
423,"좋아해, 너를",이마이즈미 리키야
421,베이비 드라이버,에드가 라이트
422,아메리칸 메이드,더그 라이만
424,몬스터 콜,후안 안토니오 바요나
425,윈드 리버,테일러 쉐리던
435,범죄도시,강윤성
428,잃어버린 도시 Z,제임스 그레이
426,인비저블 게스트,오리올 파울로
436,남한산성,황동혁
429,킹스맨: 골든 서클,매튜 본
430,극장판 요괴워치: 하늘을 나는 고래와 더블세계다냥!,우시로 신지|요코이 다케시
431,우리의 20세기,마이크 밀스
433,레고 닌자고 무비,찰리 빈|폴 피셔|밥 로건
434,리틀 프린세스 소피아 : 신비한 섬,제이미 미첼
437,넛잡 2,캘런 브렁커
439,딥,조성규
438,매직울프,안드레이 갈랏|막심 볼코프
442,블레이드 러너 2049,드니 빌뇌브
441,희생부활자,곽경택
440,어메이징 메리,마크 웹
432,다시 태어나도 우리,문창용|전진
443,"나는 내일, 어제의 너와 만난다",미키 타카히로
458,부라더,장유정
444,나의 엔젤,해리 클레벤
446,대장 김창수,이원태
445,주키퍼스 와이프,니키 카로
448,마더!,봉준호
447,지오스톰,딘 데블린|대니 캐논
449,노 게임 노 라이프 -제로-,이시즈카 아츠코
450,잠깐만 회사 좀 관두고 올게,나루시마 이즈루
452,토르: 라그나로크,타이카 와이티티
451,너의 췌장을 먹고 싶어,우시지마 신이치로
720,너의 췌장을 먹고 싶어,우시지마 신이치로
453,유리정원,신수원
454,뷰티풀 투모로우,장재혁
455,배저로와 친구들: 신비한 모험,라스무스 A. 실버르센|룬 스파안스
461,내게 남은 사랑을,진광교
457,침묵,정지우
456,직쏘,마이클 스피어리그|피터 스피어리그
459,메소드,방은진
462,신서유기 : 몽키킹의 부활,전효붕
466,미옥,이안규
460,배드 지니어스,나타우트 푼프리야
468,리빙보이 인 뉴욕,마크 웹
463,해피 데스데이,크리스토퍼 랜던
465,채비,조영준
464,러빙 빈센트,도로타 코비엘라|휴 웰치먼
473,꾼,장창원
470,저스티스 리그,잭 스나이더
469,7호실,이용승
472,페이트 스테이 나이트 헤븐즈필 제1장 프레시지 플라워,스도 토모노리
474,키드냅,루이스 프리에토
476,역모-반란의 시대,김홍선
471,하이큐!! 재능과 센스,미츠나카 스스무
475,래빗 스쿨,우테 폰 뮌쇼폴
477,피터와 모글리의 크리스마스 어드벤처,타파스 차크라바르티
480,기억의 밤,장항준
479,오리엔트 특급 살인,케네스 브래너
478,반드시 잡는다,김홍선
481,빅 배드 폭스,벵자맹 레네|패트릭 임베르|디디에 브뤼네|빈센트 타비에르|장 레그노|벵자맹 레네|로버트 마르셀 르페이지|벤자민 마수브레
484,산상수훈,대해
486,은혼,후쿠다 유이치
483,메리와 마녀의 꽃,요네바야시 히로마사
485,어쌔신: 더 비기닝,마이클 쿠에스타
482,뽀로로 극장판 공룡섬 대모험,김현호|윤제완
487,강철비,양우석
488,스타워즈: 라스트 제다이,라이언 존슨
491,신과함께-죄와 벌,김용화
489,튤립 피버,저스틴 채드윅
490,극장판 숲의 요정 페어리루 ~크리스마스의 기적: 마법의 날개~,고로 사쿠라
497,1987,장준환
492,위대한 쇼맨,마이클 그레이시
493,극장판 포켓몬스터 너로 정했다!,유야마 쿠니히코
494,몬스터 패밀리,호거 태프
496,더 크리스마스,티머시 렉카트
495,패터슨,짐 자무쉬
498,원더,스티븐 크보스키
499,극장판 프리파라 모두의 동경♪ 렛츠고☆프리파리,모리와키 마코토
501,쥬만지: 새로운 세계,제이크 캐스단
500,페르디난드,카를로스 살다나
502,코코,리 언크리치
507,그것만이 내 세상,최성현
503,다운사이징,알렉산더 페인
504,"쏘아올린 불꽃, 밑에서 볼까? 옆에서 볼까?",신보 아키유키|타케우치 노부유키
505,하이큐!! 콘셉트의 싸움,미츠나카 스스무
506,메이즈 러너: 데스 큐어,웨스 볼
508,다키스트 아워,조 라이트
509,젝스키스 에이틴,YG 엔터테인먼트
510,리틀 뱀파이어,리하르트 클라우스|카르스텐 킬레리치
514,커뮤터,자움 콜렛 세라
512,1급기밀,홍기선
513,비밥바룰라,이성재
515,극장판 레이디버그: 미라클스톤의 비밀,토마스 아스트럭
522,조선명탐정: 흡혈괴마의 비밀,김석윤
517,염력,연상호
516,인시디어스4: 라스트 키,애덤 로비텔
518,12 솔져스,니콜라이 퓰시
520,마야2,노엘 클리어리|세르지오 델피노
519,올 더 머니,리들리 스콧
521,더 포리너,마틴 캠벨
523,패딩턴 2,폴 킹
525,터닝메카드W: 반다인의 비밀 특별판,홍헌표
534,리틀 포레스트,임순례
527,블랙 팬서,라이언 쿠글러
529,골든슬럼버,노동석
526,흥부: 글로 세상을 바꾼 자,조근현
528,명탐정 코난:감벽의 관,야마모토 야스이치로
532,월요일이 사라졌다,토미 위르콜라
530,50가지 그림자: 해방,제임스 폴리
531,셰이프 오브 워터: 사랑의 모양,기예르모 델 토로
533,반딧불이 딘딘,등위봉
535,궁합,홍창표
539,나미야 잡화점의 기적,한지에
537,레드 스패로,프란시스 로렌스
536,더 포스트,스티븐 스필버그
538,게이트,신재호
544,지금 만나러 갑니다,이장훈
540,사라진 밤,이창희
541,온리 더 브레이브,조셉 코신스키
542,플로리다 프로젝트,션 베이커
543,툼레이더,로아 우다우그
545,치즈인더트랩,김제영
547,허리케인 하이스트,롭 코헨
546,로건 럭키,스티븐 소더버그
548,쓰리 빌보드,마틴 맥도나
552,콜 미 바이 유어 네임,루카 구아다니노
549,퍼시픽 림: 업라이징,스티븐 S. 드나이트
550,소공녀,전고운
555,곤지암,정범식
553,7년의 밤,추창민
551,미니특공대X,이영준
558,바람 바람 바람,이병헌
559,덕구,방수인
554,레디 플레이어 원,스티븐 스필버그
556,막달라 마리아: 부활의 증인,가스 데이비스
564,머니백,허준형
557,레이디 버드,그레타 거윅
565,콰이어트 플레이스,존 크래신스키
561,문호 스트레이독스 [데드 애플],이가라시 타쿠야
560,번개맨과 신비의 섬,김지열
562,램페이지,브래드 페이튼
595,임을 위한 행진곡,박기복
563,"그날, 바다",김지영
566,스파키,아론 우들리
567,달링,앤디 서키스
568,나를 기억해,이한욱
570,크리미널 스쿼드,크리스찬 구드개스트
572,몬태나,스콧 쿠퍼
569,정글번치: 최강 악당의 등장,데이빗 알루
575,당갈,니테시 티와리
574,어벤져스: 인피니티 워,안소니 루소|조 루소
576,살인소설,김진묵
578,클레어의 카메라,홍상수
587,레슬러,김대웅
579,레오나르도 다 빈치,세르지오 맨피오
573,당신의 부탁,이동은
577,아기곰 보보 구출 대작전,라스무스 A. 실버르센
580,챔피언,김용완
584,얼리맨,닉 파크
585,원더스트럭,토드 헤인즈
581,매직빈,추일
583,커다랗고 커다랗고 커다란 배,필리프 에인스테인 리프스키|요르겐 레르담|아말리 네스비 피크
586,샷 콜러,릭 로만 워
582,"부르고뉴, 와인에서 찾은 인생",세드릭 클라피쉬
592,피터 래빗,윌 글럭
589,중2병이라도 사랑이 하고 싶어! 테이크 온 미,이시하라 타츠야
588,루비 스팍스,조나단 데이톤|발레리 페리스
590,씨 오브 트리스,구스 반 산트
594,데드풀 2,데이비드 레이치
591,보리 vs 매켄로,야누스 메츠
596,버닝,이창동
604,서산개척단,이조훈
598,5.18 힌츠페터 스토리,장영주
600,독전,이해영
593,"안녕, 나의 소녀",사준의
597,마징가 Z: 인피니티,시미즈 준지
599,다이노 헌터: 티렉스VS파키리노 대격돌,닐 나이팅게일|배리 쿡|앤드류 코헨
601,트루스 오어 데어,제프 와드로우
571,무문관,박대원
602,한 솔로: 스타워즈 스토리,론 하워드
605,"세라비, 이것이 인생!",올리비에르 나카체|에릭 톨레다노
603,위 베어 베어스: 베이비 베어스,매니 에르난데스
606,데자뷰,고경민
607,"스탠바이, 웬디",벤 르윈
524,겨울왕국의 무민,이라 카르펠란|야쿱 브롱스키
617,탐정: 리턴즈,이언희
609,디트로이트,캐서린 비글로우
608,꼬마영웅 바비,황건명
611,쥬라기 월드: 폴른 킹덤,후안 안토니오 바요나
612,극장판 포켓몬스터DP - 디아루가 VS 펄기아 VS 다크라이,유야마 쿠니히코
610,아이 필 프리티,애비 콘|마크 실버스테인
613,벅스 프렌즈,딩 스
614,호비와 매직 아일랜드,카와마타 히로시|히로 타카시마
615,유전,아리 에스터
616,오션스8,게리 로스
623,미드나잇 선,스콧 스피어
628,허스토리,민규동
621,여중생A,이경섭
618,토니스토리2: 고철왕국의 친구들,토마스 보덴스타인|마르쿠스 하만
632,변산,이준익
624,더 펜션,윤창모|류장하|양종현|정허덕재
619,바르다가 사랑한 얼굴들,아녜스 바르다|제이알
620,류이치 사카모토: 코다,스티븐 노무라 시블
622,아일라,잔 울카이
627,마녀,박훈정
626,유니콘 원정대: 비밀의 다이어리,카말 반살
625,개들의 섬,웨스 앤더슨
630,시카리오: 데이 오브 솔다도,스테파노 솔리마
629,빅샤크: 매직체인지,하자력
631,앤트맨과 와스프,페이튼 리드
633,드래곤 프린세스,아르티옴 루키체프|로만 보리세비치
634,스카이스크래퍼,로슨 마샬 터버
635,"오늘 밤, 로맨스 극장에서",타케우치 히데키
636,킬링 디어,요르고스 란티모스
638,속닥속닥,최상훈
637,꼬마 보트 토토: 타요 타요 배 타요,시멘 알스비크
644,미션 임파서블: 폴아웃,크리스토퍼 맥쿼리
639,인크레더블 2,브래드 버드
641,독전: 익스텐디드 컷,이해영
640,호텔 아르테미스,드류 피어스
643,신은 죽지 않았다 3: 어둠 속의 빛,마이클 메이슨
642,이별의 아침에 약속의 꽃을 장식하자,오카다 마리
646,인랑,오키우라 히로유키|와타나베 시게루|이시카와 미츠히사|스기타 츠토무|오시이 마모루|시라이 히사오|미조구치 하지메|카케스 슈이치
649,신과함께-인과 연,김용화
645,신비아파트: 금빛 도깨비와 비밀의 동굴,김병갑
647,해적왕 작스톰,필립 귀엔
648,어느 가족,고레에다 히로카즈
652,맘마미아!2,올 파커
650,극장판 헬로카봇 : 백악기 시대,최신규|김진철
653,공작,윤종빈
661,너의 결혼식,이석근
651,더 스퀘어,루벤 외스틀룬드
657,목격자,조규장
655,명탐정 코난 : 제로의 집행인,타치카와 유즈루
654,몬스터 호텔 3,젠디 타타코브스키
660,나를 차버린 스파이,수잔나 포겔
656,메가로돈,제임스 토마스
658,극장판 도라에몽: 진구의 보물섬,이마이 카즈아키
659,플로이,알리니 올라퓌르 아스게리손
662,마일22,피터 버그
663,서치,아니시 샤간티
664,상류사회,변혁
665,업그레이드,리 워넬
666,어드리프트:우리가 함께한 바다,발타자르 코루마쿠르
667,양말요정 휴고의 대모험,갈리나 미클리노바
675,협상,이종석
668,물괴,허종호
676,명당,박희곤
669,더 프레데터,셰인 블랙
677,안시성,김광식
685,암수살인,김태균
674,더 넌,코린 하디
671,더 게스트,미겔 앙헬 비바스
670,바니부기: 드래곤 에그를 찾아서,이양무
683,원더풀 고스트,조원희
688,셜록 놈즈,존 스티븐슨
673,죄 많은 소녀,김의석
672,타샤 튜더,마츠타니 미츠에
678,극장판 뽀잉: 슈퍼 변신의 비밀,정미화
679,루이스,울프강 라우엔스테인|크리스토프 라우엔스테인
680,극장판 요괴워치 섀도사이드: 도깨비왕의 부활,우시로 신지
681,체실 비치에서,도미닉 쿡
682,에그엔젤 코코밍: 두근두근 핼러윈 파티,닛타 노리오
684,파이널 포트레이트,스탠리 투치
694,미쓰백,이지원
687,곰돌이 푸 다시 만나 행복해,마크 포스터
686,베놈,루벤 플레셔
689,스타 이즈 본,브래들리 쿠퍼
692,다이노 어드벤처2: 육해공 공룡 대백과,마이크 데블린
690,극장판 가면라이더 이그제이드: 트루 엔딩,나카자와 쇼지로
691,리즈와 파랑새,야마다 나오코
698,펭귄 하이웨이,이시다 히로야스
699,배반의 장미,박진영
695,에브리데이,마이클 수지
693,노크: 초대받지 않은 손님,요하네스 로버츠
696,킨: 더 비기닝,조나단 베이커|조쉬 베이커
697,퍼스트맨,데미안 셔젤
701,창궐,김성훈
700,액슬,올리버 달리
710,폴란드로 간 아이들,추상미
704,완벽한 타인,이재규
703,크레이지 리치 아시안,존 추
714,알리바이 닷 컴,필립 라쇼
702,윌리,칼 멘데스
706,보헤미안 랩소디,브라이언 싱어
707,벽 속에 숨은 마법시계,일라이 로스
708,할로윈,데이빗 고든 그린
709,나츠메 우인장: 세상과 연을 맺다,오오모리 타카히로|이토 히데키
705,바울,앤드류 하이엇
711,캡틴 스터비,리처드 래니
713,동네사람들,임진순
722,해피 투게더,김정환
716,여곡성,유영선
723,성난황소,김민호
712,구스범스: 몬스터의 역습,아리 샌델
715,박물관이 진짜 살아있다,마틴 코틱|이나 예블라니코바|마틴 코틱|예스퍼 묄러|페트르 네포빔|미키 키르슈너|카렐 코마
451,너의 췌장을 먹고 싶어,우시지마 신이치로
720,너의 췌장을 먹고 싶어,우시지마 신이치로
717,신비한 동물들과 그린델왈드의 범죄,데이빗 예이츠
718,출국,노규엽
719,번 더 스테이지: 더 무비,박준수
721,로빈슨의 언더워터 어드벤처,막심 볼코브|비탈리 무카메지아노브
728,국가부도의 날,최국희
726,툴리,제이슨 라이트만
724,베일리 어게인,라세 할스트롬
727,캡틴 샤키,잔 스톨츠|허버트 베일란드
725,꼬마비행기 피티와 친구들:사막구출 대작전,루카스 퀴아오
734,도어락,이권
730,후드,오토 배서스트
729,거미줄에 걸린 소녀,페드 알바레즈
731,투 프렌즈,빅터 아즈에프|로만 보리세비치|막심 로갈스키|바실리 로벤스키|바실리 로벤스키|이반 우류핀
740,모어 댄 블루,임효겸
732,모털 엔진,크리스찬 리버스
733,런닝맨 : 풀룰루의 역습,윤준상
735,호두까기 인형과 4개의 왕국,라세 할스트롬|조 존스톤
743,스윙키즈,강형철
737,헌터 킬러,도노반 마시
738,트와이스랜드,나연|정연|모모|사나|지효|미나|다현|채영|쯔위|TWICE
736,번개맨의 비밀,강유선
739,스파이더맨: 뉴 유니버스,밥 퍼시케티|피터 램지|로드니 로스먼
741,부탁 하나만 들어줘,폴 페이그
742,엘리엇과 산타 썰매단,제니퍼 웨스트콧
744,마약왕,우민호
745,아쿠아맨,제임스 완
746,그린치,야로우 체니|스캇 모지어
748,극장판 포켓몬스터 모두의 이야기,야지마 테츠오
751,PMC: 더 벙커,김병우
747,극장판 짱구는 못말려: 아뵤! 쿵후 보이즈 ~라면 대란~,타카하시 와타루
749,범블비,트래비스 나이트
750,점박이 한반도의 공룡2 : 새로운 낙원,한상호
97,더 보이,윌리엄 브렌트 벨
283,사일런스,존 R. 레오네티
